frame_id,track_id,center_x,center_y,vx,vy,angle
2,1,497.6314,475.2282,-2.1772156,0.5579834,165.62544561853025
2,2,1284.4897,558.7266,-5.9936523,-4.906433,-140.69607607952597
2,3,690.9699,517.47107,-1.3130493,3.6781616,109.64581316432583
2,4,1637.8704,1015.0428,-7.5772705,-8.494202,-131.73462441242071
2,5,1416.4742,433.19818,-0.49645996,-1.0387573,-115.54483438082711
2,6,141.37485,416.5699,-2.7451172,0.02746582,179.42675559235147
2,7,708.8375,372.6586,-0.82403564,-1.6148987,-117.03389337532937
2,8,1104.8721,384.90924,-1.0070801,-2.8049011,-109.75031977871929
3,1,496.0743,476.15045,-1.5570984,0.9222412,149.36250815007676
3,2,1278.3137,552.9603,-6.1760254,-5.7662964,-136.9649895935791
3,3,687.3534,520.90894,-3.616516,3.4378662,136.4506866175117
3,4,1624.8704,1005.5274,-13.0,-9.515381,-143.79764907279286
3,5,1415.2512,432.3277,-1.2230225,-0.8704834,-144.5587285974896
3,6,142.28029,416.91797,0.9054413,0.3480835,21.02851677347691
3,7,707.947,373.42957,-0.8905029,0.7709656,139.11515766187742
3,8,1102.0997,385.5968,-2.7723389,0.68756104,166.07124927823034
4,1,491.87646,478.61993,-4.1978455,2.4694824,149.53281682827935
4,2,1271.0596,548.041,-7.2541504,-4.9193115,-145.85733187775537
4,3,682.94336,526.77686,-4.410034,5.86792,126.92668631049897
4,4,1616.4744,995.719,-8.395996,-9.808411,-130.56351399149668
4,5,1414.853,431.5268,-0.39819336,-0.8009033,-116.43566029340212
4,6,140.29425,417.09143,-1.9860382,0.17346191,175.00841492067693
4,7,707.78046,374.45187,-0.16656494,1.0223083,99.25390116767917
4,8,1100.616,384.1797,-1.4837646,-1.4171143,-136.31619224767977
5,1,488.2159,480.79343,-3.660553,2.1734924,149.29982496018565
5,2,1264.1191,543.00037,-6.9404297,-5.0406494,-144.01009403045185
5,3,679.6526,533.98364,-3.2907715,7.206787,114.54244221578398
5,4,1605.0801,987.17114,-11.394287,-8.547852,-143.12322811765065
5,5,1414.1995,430.67377,-0.65356445,-0.85302734,-127.45827366237835
5,6,135.35127,416.36975,-4.942978,-0.7216797,-171.69344905186085
5,7,705.8268,375.59256,-1.9536743,1.140686,149.72075272369904
5,8,1099.2866,380.4516,-1.3293457,-3.7280884,-109.62499888101662
5,12,865.6891,351.26917,-0.22460938,0.12640381,150.63042055053822
6,1,485.41705,483.69922,-2.7988586,2.9057922,133.92611725311656
6,2,1258.596,537.39594,-5.5231934,-5.604431,-134.5817166567385
6,3,675.16016,537.5375,-4.4924316,3.553833,141.6534960155727
6,4,1591.9888,976.8964,-13.091309,-10.274719,-141.8733888615607
6,5,1414.1434,431.04428,-0.056030273,0.37051392,98.59929126312332
6,6,135.46718,416.31616,0.11590576,-0.053588867,-24.813395131341885
6,7,704.8171,376.89362,-1.0097046,1.3010559,127.81380475622942
6,8,1094.3833,377.59976,-4.9033203,-2.8518372,-149.81714047777774
6,12,865.12555,352.7602,-0.5635376,1.4910278,110.70420746996226
6,14,1330.6653,471.63763,-1.8293457,-0.24914551,-172.24438853876535
7,1,483.44537,485.67627,-1.9716797,1.9770508,134.92206588525372
7,2,1252.6777,531.558,-5.918213,-5.8379517,-135.39116144546495
7,3,671.556,541.37665,-3.604126,3.8391724,133.19130020240814
7,4,1562.9866,967.37036,-29.002197,-9.526062,-161.81671625389853
7,5,1413.3295,431.30884,-0.81396484,0.26455688,161.99467263830456
7,6,135.0219,416.328,-0.44528198,0.01184082,178.47676480490702
7,7,703.86237,378.88394,-0.9547119,1.9903259,115.62592410175009
7,8,1095.4314,375.95966,1.0480957,-1.6401062,-57.41973942907568
7,12,865.1978,355.21497,0.072265625,2.454773,88.31376672888665
7,14,1326.4905,469.87692,-4.1748047,-1.7607117,-157.13255719767795
8,1,479.6601,487.61948,-3.7852783,1.9432068,152.82589384773505
8,2,1247.0562,527.0957,-5.621582,-4.4622803,-141.55827625380908
8,3,666.24884,546.32996,-5.30719,4.953308,136.9753331267274
8,4,1559.2859,959.23535,-3.7006836,-8.13501,-114.46118285334454
8,5,1412.135,432.07837,-1.194458,0.76953125,147.20828419968706
8,6,138.9158,416.66815,3.8939056,0.34014893,4.992352980819534
8,7,703.6079,379.77948,-0.25445557,0.89553833,105.86180935580127
8,8,1093.9941,373.80768,-1.4372559,-2.1519775,-123.7380420014411
8,12,864.4935,358.18243,-0.70428467,2.9674683,103.35127983909481
8,14,1323.2281,467.3084,-3.262329,-2.568512,-141.7857712957065
9,1,476.97766,490.26672,-2.682434,2.6472473,135.3782635089297
9,2,1241.0618,522.0985,-5.994385,-4.9971924,-140.18387214834445
9,3,661.0468,555.7322,-5.2020264,9.402222,118.95471549937565
9,4,1546.1677,951.17737,-13.118164,-8.057983,-148.4391946132463
9,5,1409.5154,431.87952,-2.619629,-0.19885254,-175.65907860811615
9,6,139.66354,417.15433,0.7477417,0.48617554,33.03159309165025
9,7,703.2687,380.89874,-0.3392334,1.1192627,106.86134708960718
9,8,1093.8256,371.56982,-0.1685791,-2.237854,-94.30799441352808
9,12,864.5801,360.16638,0.08654785,1.9839478,87.50210934131523
9,14,1320.2025,465.4679,-3.0256348,-1.8405151,-148.6875534403569
10,1,474.19846,492.07117,-2.7792053,1.8044434,147.00570894962362
10,2,1234.2996,516.51465,-6.762207,-5.5838623,-140.45196107776727
10,3,657.2458,563.9236,-3.8010254,8.191406,114.89252540199266
10,4,1532.6833,942.764,-13.484375,-8.413391,-148.03846352967068
10,5,1406.3789,431.05695,-3.1364746,-0.8225708,-165.30457900766348
10,6,138.06346,416.98572,-1.6000824,-0.16860962,-173.98462309503918
10,7,702.6242,381.9618,-0.6444702,1.0630493,121.22620315695858
10,8,1092.679,369.68964,-1.1466064,-1.880188,-121.37634502815557
10,12,863.88184,360.7873,-0.6982422,0.62091064,138.3549607295371
10,14,1315.834,461.45807,-4.3685303,-4.0098267,-137.45151405540915
11,1,471.2425,493.8445,-2.9559631,1.773346,149.03954916764815
11,2,1227.84,510.02533,-6.4595947,-6.489319,-134.8684782559291
11,3,652.213,572.6691,-5.032776,8.745544,119.91902448781597
11,4,1516.4055,927.3102,-16.277832,-15.453796,-136.48757431757824
11,5,1405.6687,430.80194,-0.7102051,-0.25500488,-160.24891343045647
11,6,134.25626,417.617,-3.8072052,0.6312866,170.5852372414597
11,7,702.20746,383.5381,-0.41674805,1.576294,104.80928274817633
11,8,1090.1157,368.24356,-2.5632324,-1.4460754,-150.5700093000384
11,12,863.3552,362.4322,-0.5266113,1.6448975,107.75238538175371
11,14,1313.069,458.3656,-2.7650146,-3.0924683,-131.80029763694506
12,1,467.88892,496.90002,-3.3535767,3.0555115,137.66271587285354
12,2,1223.4744,506.2353,-4.3656006,-3.790039,-139.0367970568658
12,3,646.51465,578.26807,-5.6983643,5.598938,135.50424060709727
12,4,1500.0422,912.63806,-16.363281,-14.672119,-138.1190419769395
12,5,1407.0963,430.75125,1.4276123,-0.050689697,-2.033525576251924
12,6,127.79515,417.96863,-6.4611053,0.35162354,176.8849462533429
12,7,700.8446,384.33627,-1.362854,0.79818726,149.64363135753794
12,8,1089.501,367.36978,-0.6147461,-0.8737793,-125.12824436897925
12,14,1309.2836,455.19397,-3.7854004,-3.1716309,-140.04174690578589
13,1,465.06592,499.4262,-2.822998,2.526184,138.1759558500688
13,2,1218.5928,502.04706,-4.881592,-4.1882324,-139.3715783488749
13,3,641.3988,584.2359,-5.1158447,5.9678345,130.6043829838686
13,4,1485.787,897.7591,-14.255249,-14.878967,-133.77357380979396
13,5,1407.2341,430.23062,0.13781738,-0.5206299,-75.17315078681214
13,6,128.32156,417.16376,0.52641296,-0.8048706,-56.81393837534861
13,7,700.22125,383.89386,-0.62335205,-0.44241333,-144.63543196017815
13,8,1088.7432,363.64764,-0.7578125,-3.7221375,-101.50790896312702
13,14,1305.2611,451.98468,-4.022461,-3.2092896,-141.4156529452181
14,1,459.9489,502.98663,-5.1170044,3.5604248,145.16970436938013
14,2,1210.98,492.00885,-7.612793,-10.038208,-127.17601317748341
14,3,632.89124,595.5038,-8.507568,11.267883,127.05382947675228
14,4,1463.5728,867.8008,-22.214233,-29.958313,-126.55711290772048
14,5,1406.2086,429.0055,-1.0255127,-1.2251282,-129.9315434143678
14,6,118.59836,416.87662,-9.723206,-0.2871399,-178.30846691716835
14,7,697.876,386.5327,-2.3452759,2.638855,131.62901500060232
14,8,1085.3513,359.89423,-3.3918457,-3.753418,-132.10312871400197
14,14,1299.4531,447.91315,-5.8079834,-4.071533,-144.96863918514694
15,1,455.20795,506.37286,-4.740967,3.3862305,144.463717739548
15,2,1205.1815,486.18253,-5.798462,-5.8263245,-134.86267245301687
15,3,624.3545,605.6509,-8.536743,10.147095,130.07387665979627
15,4,1445.6204,849.30176,-17.952393,-18.499023,-134.14084836292676
15,5,1402.3876,427.8489,-3.821045,-1.1565857,-163.15954881686633
15,6,113.18286,416.61023,-5.415497,-0.26638794,-177.18389416889727
15,8,1083.813,357.8749,-1.5383301,-2.0193176,-127.30040002990113
15,14,1295.1616,445.68854,-4.291504,-2.2246094,-152.59889464058142
15,12,858.0654,372.47528,-5.289795,10.043091,117.77621839808462
16,1,451.3847,510.0857,-3.8232422,3.7128296,135.83939264925874
16,2,1200.3019,478.57825,-4.8796387,-7.6042786,-122.68814589023876
16,3,618.09576,615.3834,-6.258728,9.732544,122.7439423950342
16,4,1433.1206,833.5881,-12.499756,-15.713684,-128.5011772441144
16,5,1400.2327,426.35016,-2.1549072,-1.4987488,-145.1811932215705
16,6,112.9501,415.75323,-0.23275757,-0.8569946,-105.19484973305345
16,8,1081.0645,355.0829,-2.7485352,-2.7920227,-134.550297658365
16,14,1292.373,441.39636,-2.7885742,-4.2921753,-123.01129367231988
16,12,856.8081,376.40125,-1.2573242,3.9259644,107.75811591404516
16,7,694.60754,393.49368,-3.2684326,6.960968,115.15179635530957
17,1,447.5759,512.73694,-3.8088074,2.651245,145.15888924895125
17,2,1196.0483,474.5468,-4.25354,-4.031433,-136.53564077419549
17,3,612.22437,624.1786,-5.871399,8.795166,123.72592931889622
17,4,1421.904,815.7656,-11.216553,-17.822449,-122.1842468863079
17,5,1398.5393,426.1081,-1.6933594,-0.24206543,-171.86469351195967
17,6,109.86772,415.34262,-3.0823822,-0.410614,-172.41211933272132
17,8,1079.7266,353.41342,-1.3378906,-1.6694641,-128.7083115255606
17,14,1289.79,439.60123,-2.5830078,-1.7951355,-145.20152111829685
17,12,855.5029,377.01987,-1.3051758,0.6186218,154.64017714706478
17,7,693.082,393.8223,-1.5255737,0.32861328,167.84404723111862
18,1,444.3279,515.02576,-3.2479858,2.2888184,144.82808613738308
18,2,1192.5256,471.27258,-3.522705,-3.274231,-137.09361712050685
18,3,605.68884,633.72986,-6.5355225,9.55127,124.38215601812666
18,4,1409.8717,800.5829,-12.032349,-15.182739,-128.39688894840396
18,5,1397.042,425.5879,-1.4973145,-0.52020264,-160.84155764477356
18,6,106.49284,414.67178,-3.374878,-0.6708374,-168.75763585786063
18,8,1076.2849,352.54456,-3.4416504,-0.86886597,-165.83138180289603
18,14,1287.7556,438.10767,-2.0344238,-1.4935608,-143.71595583948465
18,12,855.3074,382.12128,-0.19555664,5.10141,92.19529245451155
18,7,690.879,395.44675,-2.202942,1.6244507,143.5949142844331
19,1,437.70026,520.47394,-6.627655,5.448181,140.5785121740737
19,2,1186.4575,468.31686,-6.068115,-2.955719,-154.0297442461872
19,3,594.2043,649.9031,-11.484558,16.173218,125.3784577338007
19,4,1392.3567,774.06433,-17.515015,-26.518555,-123.4440237290927
19,5,1396.1514,425.08826,-0.890625,-0.4996338,-150.70790938480354
19,6,103.596924,414.31226,-2.8959198,-0.3595276,-172.9229574814156
19,8,1076.9841,350.38528,0.69921875,-2.1592712,-72.0569246893051
19,14,1282.8474,433.05145,-4.908203,-5.0562134,-134.14899791105734
19,12,855.0237,385.97656,-0.2836914,3.8552856,94.20852796804604
19,7,689.1339,396.6703,-1.7451172,1.2235413,144.96483109548018
20,1,433.6031,524.67126,-4.097168,4.1973267,134.30816865218856
20,2,1179.4524,464.568,-7.005127,-3.7488708,-151.84604674732316
20,3,584.8342,663.4949,-9.370056,13.591797,124.58201212639328
20,4,1380.7495,758.6699,-11.607178,-15.394409,-127.0158027638983
20,5,1396.332,425.5725,0.18066406,0.48425293,69.54056687788032
20,6,96.51729,414.00366,-7.0796356,-0.30859375,-177.5041181293426
20,8,1074.9358,349.30054,-2.0483398,-1.0847473,-152.09547358356335
20,14,1278.501,430.11017,-4.3464355,-2.9412842,-145.91332462481816
20,12,854.9568,388.0169,-0.06689453,2.0403442,91.87782131240327
20,7,686.93713,397.74487,-2.1967773,1.074585,153.933772116637
21,1,430.0575,527.40625,-3.5455933,2.7349854,142.35426975287234
21,2,1174.3423,460.28854,-5.1101074,-4.2794495,-140.05557575575224
21,3,576.9436,675.1162,-7.890625,11.621338,124.17561569649872
21,4,1370.2778,742.83105,-10.47168,-15.838867,-123.47021261186977
21,5,1397.0659,425.6322,0.7338867,0.059692383,4.6500489513373475
21,6,95.12016,414.2179,-1.3971252,0.2142334,171.28224141902928
21,8,1074.1907,348.0674,-0.7451172,-1.2331238,-121.14254314388603
21,14,1275.8196,428.31522,-2.6813965,-1.7949524,-146.2012704233653
21,12,854.42065,388.67072,-0.5361328,0.6538086,129.35226434192913
21,7,685.20886,398.34253,-1.7282715,0.59765625,160.92402318248114
21,33,1353.1313,382.87708,0.06713867,0.018981934,15.78704459432217
22,1,426.3593,528.5911,-3.6981812,1.1848755,162.23484696124208
22,2,1171.278,455.7977,-3.064331,-4.4908447,-124.30770033281469
22,3,568.8753,687.854,-8.068298,12.737793,122.350748330979
22,4,1361.1279,731.97986,-9.149902,-10.851196,-130.13812260150704
22,5,1396.781,425.5891,-0.2849121,-0.04309082,-171.39962351473648
22,8,1073.4421,347.20096,-0.74853516,-0.8664551,-130.82390947239543
22,14,1272.7368,426.73148,-3.0827637,-1.5837402,-152.80860297669358
22,12,853.0548,390.8659,-1.3658447,2.1951904,121.88982200796936
22,7,683.51965,400.53836,-1.689209,2.1958313,127.57036218795527
22,33,1353.4204,381.7619,0.2890625,-1.1151733,-75.4682656769722
23,1,422.3609,532.4807,-3.998413,3.8895874,135.79042297500118
23,2,1167.7278,452.57465,-3.550171,-3.223053,-137.7649941546479
23,3,560.42944,697.3246,-8.445862,9.470581,131.72657157492225
23,4,1352.3994,726.36035,-8.728516,-5.619507,-147.22615476129081
23,5,1396.9718,425.953,0.1907959,0.3638916,62.331047158679944
23,8,1073.3486,345.45145,-0.09350586,-1.7495117,-93.05936704031531
23,14,1269.6853,423.821,-3.0515137,-2.9104614,-136.35528761956343
23,12,852.8334,392.2661,-0.22143555,1.4002075,98.98660548029709
23,7,682.62805,401.4847,-0.89160156,0.9463501,133.2937893480083
23,33,1353.698,381.93408,0.2775879,0.17218018,31.810195425537213
23,6,93.69653,412.2788,-1.4236298,-1.9390869,-126.28519666732863
24,1,415.17032,538.3079,-7.1905823,5.8272095,140.97887613259877
24,3,547.2617,718.5242,-13.167725,21.199585,121.84570764783092
24,4,1338.5122,705.84155,-13.887207,-20.518799,-124.0903026465923
24,5,1397.8599,426.27295,0.8880615,0.3199463,19.812819375779764
24,8,1072.6981,342.08896,-0.6505127,-3.3624878,-100.94927659321446
24,14,1266.1431,420.4256,-3.5422363,-3.3954163,-136.2123574452194
24,12,851.8505,394.116,-0.9828491,1.849884,117.98184707911327
24,7,680.7119,402.7303,-1.9161377,1.245575,146.97433629301747
24,36,1398.8494,428.70105,1.1809082,0.19317627,9.290319596372946
25,1,409.56802,542.70526,-5.602295,4.397339,141.87101399040628
25,3,534.6152,732.87573,-12.646545,14.3515625,131.3863867845901
25,4,1329.4607,692.33435,-9.051514,-13.507202,-123.82702748166975
25,5,1397.5251,427.02573,-0.3347168,0.7527771,113.97197092765975
25,8,1071.8132,339.1686,-0.8848877,-2.9203491,-106.85720228826075
25,14,1262.138,419.70236,-4.005127,-0.7232361,-169.7639758494816
25,12,849.8425,397.45984,-2.0079956,3.3438416,120.98505267630753
25,7,679.6353,404.64294,-1.0765991,1.9126587,119.37433100188974
25,36,1398.3105,428.47156,-0.53881836,-0.22949219,-156.92999468620792
25,6,93.83828,410.85095,0.14174652,-1.4278564,-84.33069403221458
26,1,404.52145,546.05994,-5.04657,3.3546753,146.38627878494276
26,3,523.84875,750.6086,-10.766418,17.73285,121.2638397634143
26,4,1320.9523,685.18024,-8.508423,-7.154114,-139.94196252572314
26,5,1397.1484,427.06125,-0.37670898,0.03552246,174.61311877856812
26,14,1259.0422,418.7638,-3.0957031,-0.9385681,-163.13352824699635
26,12,848.28613,401.1492,-1.5563965,3.6893616,112.87296739323146
26,7,678.51184,406.0703,-1.1234741,1.4273682,128.20610111968568
26,36,1397.3502,428.49994,-0.96032715,0.028381348,178.30718286846033
26,6,92.8337,410.83362,-1.0045776,-0.017333984,-179.01145958103513
27,1,399.3861,549.1166,-5.1353455,3.0566406,149.23820830355368
27,3,511.10535,765.93616,-12.743408,15.327576,129.7402719083813
27,4,1312.6284,674.71985,-8.323853,-10.460388,-128.51101565390937
27,5,1396.8076,426.7829,-0.3408203,-0.27835083,-140.76119665660744
27,14,1256.7854,417.28662,-2.256836,-1.4771729,-146.7939424955412
27,12,847.3019,403.96857,-0.9842529,2.8193665,109.24431381440293
27,7,677.6823,408.6756,-0.8295288,2.6052856,107.66159216222876
27,36,1396.9443,428.11484,-0.4058838,-0.38510132,-136.50505231741096
27,40,780.25464,351.58624,0.8708496,0.6140747,35.18936207781682
27,6,89.01295,409.84253,-3.820755,-0.99108887,-165.45819969665476
27,2,1152.7639,435.8827,-14.963867,-16.691956,-131.87533023559638
27,8,1069.3975,333.99728,-2.4157715,-5.1713257,-115.03950879528384
28,1,395.6624,552.79,-3.7236938,3.6734009,135.38954894515763
28,3,500.62036,782.02185,-10.484985,16.085693,123.09713474115956
28,4,1306.2849,662.7174,-6.343506,-12.002441,-117.85725616527556
28,5,1396.9623,426.7343,0.15466309,-0.048583984,-17.43895677798466
28,14,1255.6716,416.47467,-1.1137695,-0.8119507,-143.90752458578808
28,12,846.7126,407.79907,-0.58929443,3.8305054,98.74595645308185
28,7,676.59064,411.34076,-1.0916748,2.6651611,112.27446288233959
28,36,1396.9908,427.79578,0.04650879,-0.31906128,-81.70654426178746
28,40,779.05963,353.3296,-1.1950073,1.7433472,124.42935944504708
28,6,84.23519,409.7777,-4.7777557,-0.064819336,-179.22272155592225
28,41,1868.1987,1004.151,-10.099609,-10.260376,-134.54759022839426
29,1,388.65985,558.0351,-7.0025635,5.245117,143.16575592756806
29,3,482.12482,814.26953,-18.495544,32.24768,119.83627591177249
29,4,1295.4463,650.82227,-10.838623,-11.895142,-132.33917671793128
29,5,1396.4564,426.7425,-0.5058594,0.008178711,179.07372519609075
29,14,1252.4226,411.81378,-3.2490234,-4.6608887,-124.87967409487715
29,7,674.8619,414.30273,-1.7287598,2.961975,120.27001582321786
29,36,1396.6426,427.96774,-0.3482666,0.17196655,153.720831432033
29,40,780.02576,356.63513,0.9661255,3.305542,73.70770694522221
29,6,84.84637,409.185,0.61117554,-0.5927124,-44.12136608465418
29,41,1852.1301,987.0786,-16.068604,-17.072388,-133.26513880168284
29,2,1144.3137,427.1842,-8.450195,-8.698486,-134.1704882261019
30,1,383.15195,562.94775,-5.507904,4.9126587,138.26930761572794
30,3,467.04675,834.6741,-15.078064,20.404541,126.46278130896236
30,4,1287.5377,641.2291,-7.9085693,-9.59314,-129.50211677346408
30,5,1395.5566,426.06818,-0.8997803,-0.6743164,-143.15125113406492
30,14,1249.7379,411.5777,-2.6846924,-0.23608398,-174.97450430350938
30,7,672.26904,416.1529,-2.5928345,1.8501587,144.48963435304333
30,36,1395.5898,427.5756,-1.0527344,-0.39215088,-159.56928761806182
30,40,780.0242,359.0902,-0.0015869141,2.4550781,90.03703485630153
30,6,83.48681,408.82538,-1.3595581,-0.35961914,-165.18391330228508
30,41,1838.3986,975.2621,-13.731567,-11.816528,-139.28677129732114
30,2,1141.2327,424.2463,-3.0810547,-2.9378967,-136.3624965730857
31,1,378.25726,568.38513,-4.894684,5.437378,131.99328809699873
31,3,453.18317,854.99756,-13.863586,20.323486,124.29969991837626
31,4,1282.2771,634.1372,-5.26062,-7.091919,-126.56716225857333
31,5,1395.2052,425.03555,-0.35144043,-1.0326233,-108.79536502357102
31,14,1245.1448,405.21173,-4.5931396,-6.365967,-125.81100844105231
31,7,669.87006,418.0567,-2.3989868,1.9038086,141.56488482075818
31,36,1395.0786,426.53137,-0.51123047,-1.04422,-116.085501287829
31,40,779.91565,360.83188,-0.10852051,1.7416687,93.56539639223654
31,6,80.854256,408.5295,-2.632553,-0.29586792,-173.5875386238999
31,41,1824.6384,964.6974,-13.760132,-10.564697,-142.4838155032691
31,2,1138.0586,421.04294,-3.1740723,-3.2033691,-134.7367948404769
31,8,1064.6274,328.95593,-4.7700195,-5.0413513,-133.4158987441291
31,12,840.45685,420.56097,-6.2557373,12.761902,116.11356173347394
32,1,372.61517,571.743,-5.64209,3.3578491,149.24131242145114
32,3,437.11066,876.35,-16.07251,21.352417,126.96971086969033
32,4,1276.5676,624.7583,-5.7094727,-9.378906,-121.33124781712725
32,5,1395.2175,424.87704,0.012329102,-0.1585083,-85.5523714873899
32,14,1243.3862,402.42764,-1.7585449,-2.7840881,-122.27819621356282
32,7,668.3933,419.68372,-1.4767456,1.6270142,132.22818873015848
32,36,1394.8629,426.32733,-0.21569824,-0.20404053,-136.5909090188304
32,40,780.31604,361.75116,0.40039062,0.919281,66.46458275819944
32,6,80.71845,408.29114,-0.13580322,-0.2383728,-119.6705708225243
32,41,1812.3213,957.0182,-12.317139,-7.679199,-148.05825853924227
32,2,1135.8518,419.47418,-2.206787,-1.5687561,-144.59182153437203
32,12,839.5691,425.56006,-0.88775635,4.9990845,100.06982324634929
33,1,367.82617,577.2482,-4.7890015,5.505249,131.01992082218584
33,3,422.22766,899.9398,-14.882996,23.589844,122.2481109829842
33,4,1270.3274,616.57764,-6.2402344,-8.180664,-127.33649368287864
33,5,1395.1877,424.78998,-0.029785156,-0.08706665,-108.88561424969879
33,14,1240.9133,400.8979,-2.4729004,-1.5297546,-148.25875563438353
33,7,666.5679,420.86337,-1.8254395,1.179657,147.12817120476515
33,36,1394.8779,426.18652,0.015014648,-0.1408081,-83.91343635111043
33,40,780.7051,362.75986,0.3890381,1.0086975,68.90919102246976
33,6,78.84741,408.6323,-1.8710403,0.341156,169.6664962182006
33,41,1802.2603,944.6677,-10.061035,-12.350464,-129.16722869157653
33,2,1132.2266,417.2353,-3.6252441,-2.2388916,-148.30119915570617
33,45,423.7836,897.70166,-13.265167,22.049805,121.03112478940533
33,12,838.93896,427.6045,-0.63012695,2.0444336,107.13013033484417
33,8,1062.8296,327.04926,-1.7978516,-1.9066772,-133.31734074532483
34,1,359.3892,583.7521,-8.436981,6.503845,142.37232283503414
34,3,394.62997,927.81104,-27.597687,27.871216,134.71746451552625
34,4,1261.6638,605.4691,-8.663574,-11.1085205,-127.95079373499368
34,14,1237.425,397.28174,-3.4882812,-3.61615,-133.9688768880519
34,7,664.0398,424.01117,-2.5280762,3.1477966,128.76884051739736
34,40,780.15356,366.15695,-0.5515137,3.3970947,99.2214362563069
34,6,73.01751,409.02994,-5.8299026,0.39764404,176.09803223723603
34,41,1787.8037,919.79095,-14.456543,-24.87677,-120.16199361800525
34,2,1127.2644,411.3432,-4.962158,-5.89209,-130.1031738023258
34,45,392.86337,928.17584,-30.920227,30.474182,135.41626008291763
34,12,837.2285,433.67944,-1.7104492,6.074951,105.72497357001764
35,1,352.643,589.3866,-6.7461853,5.6345215,140.1308296135386
35,4,1255.83,594.08923,-5.8338623,-11.379883,-117.1418077577408
35,14,1235.1973,395.7482,-2.2277832,-1.5335388,-145.45764750014442
35,7,662.9392,425.66364,-1.1005859,1.6524658,123.66466483222723
35,40,780.6231,367.83966,0.46954346,1.6827087,74.40875843404739
35,6,69.33282,408.84674,-3.6846924,-0.18319702,-177.1536890736079
35,41,1778.5111,897.9469,-9.292603,-21.844055,-113.04521543017498
35,2,1124.3015,408.17758,-2.9628906,-3.165619,-133.10537287808097
35,12,835.93427,437.31516,-1.2942505,3.6357117,109.59485021090626
35,5,1394.4026,425.14203,-0.78515625,0.35205078,155.84934280171024
36,1,346.51288,593.64087,-6.130127,4.2542725,145.2395768538218
36,4,1251.262,588.2348,-4.567993,-5.854431,-127.96358114966587
36,14,1233.9895,394.3567,-1.2077637,-1.39151,-130.9564068967132
36,7,662.1,427.59534,-0.8392334,1.9317017,113.48267642506134
36,40,781.20435,370.44708,0.5812378,2.6074219,77.43328154681343
36,6,67.348976,408.94464,-1.983841,0.09790039,177.17480758479232
36,41,1771.5334,878.7671,-6.977661,-19.17981,-109.99150922944727
36,2,1119.5809,407.5235,-4.720581,-0.65408325,-172.11133091342208
36,12,833.99164,441.42413,-1.942627,4.1089783,115.30366782060975
36,50,67.15404,409.1869,-1.4612045,0.31350708,167.89055430644913
36,5,1393.918,424.7846,-0.48461914,-0.35742188,-143.59005696999023
36,3,356.15103,953.16394,-38.478943,25.352905,146.62001626022865
37,1,340.54706,597.2124,-5.9658203,3.5715332,149.09248106517032
37,4,1248.8694,581.3645,-2.3925781,-6.8703003,-109.2006428617297
37,14,1232.1327,393.52545,-1.8568115,-0.8312378,-155.88339570926416
37,7,661.49963,428.84778,-0.6003418,1.2524414,115.61013486506813
37,40,781.3307,372.5703,0.12634277,2.12323,86.59463086154636
37,6,69.58487,408.6318,2.2358932,-0.3128357,-7.964851142978289
37,41,1761.777,861.8628,-9.75647,-16.904297,-119.99178685993449
37,2,1117.2681,404.29968,-2.3128662,-3.223816,-125.6568382676888
37,12,832.6897,446.54327,-1.3019409,5.1191406,104.26939532546197
37,51,481.96854,484.00616,-2.0854187,2.555481,129.21641332623415
37,5,1393.7544,423.65454,-0.16357422,-1.1300659,-98.2362175594371
37,3,340.8919,964.37274,-15.259125,11.208801,143.70034195318001
38,1,335.04333,601.10504,-5.503723,3.8926392,144.72923132638942
38,4,1246.6177,574.08997,-2.251709,-7.274536,-107.1990216958769
38,14,1229.0652,391.81067,-3.067505,-1.7147827,-150.79413385570643
38,7,660.237,430.71725,-1.2626343,1.8694763,124.03488066108656
38,40,780.3821,374.27222,-0.9486084,1.7019043,119.13444640108321
38,6,71.93176,407.66147,2.3468933,-0.9703369,-22.46293718011353
38,41,1756.4702,845.15686,-5.3067627,-16.705933,-107.62283410623301
38,2,1116.5798,400.39386,-0.6882324,-3.9058228,-99.99332012735348
38,12,830.71716,449.99152,-1.9725342,3.4482422,119.77130480566109
38,51,480.82867,483.72534,-1.1398621,-0.28082275,-166.15991233150476
38,5,1393.8103,423.24567,0.055908203,-0.4088745,-82.21384316231463
38,3,327.54034,973.49194,-13.3515625,9.119202,145.6666767363223
39,1,325.5805,608.2993,-9.46283,7.194275,142.7554785680201
39,4,1240.2375,565.2024,-6.380127,-8.887573,-125.67345216874352
39,14,1224.0652,389.0784,-5.0,-2.7322693,-151.3454313609288
39,7,658.2635,434.97217,-1.9735107,4.2549133,114.88277834288893
39,40,779.8127,377.99692,-0.569397,3.724701,98.6915471229362
39,6,71.016945,406.6864,-0.9148178,-0.97506714,-133.17403514545407
39,41,1742.6978,821.0338,-13.772461,-24.123047,-119.72314484935887
39,2,1113.8611,397.408,-2.71875,-2.9858704,-132.31906819325312
39,12,828.4303,458.47144,-2.2868652,8.479919,105.09248841260593
39,51,472.70044,489.20944,-8.128235,5.4841003,145.99255566798647
39,5,1393.5552,422.01,-0.25512695,-1.2356567,-101.66597111099462
39,3,309.76367,992.5756,-17.776672,19.08368,132.96923763832945
39,54,1394.9375,420.12296,-0.45239258,-1.0545654,-113.21859853741658
40,1,317.5436,613.2229,-8.036896,4.923584,148.50742272835072
40,4,1234.6829,558.9668,-5.5546875,-6.2355957,-131.69474606513768
40,14,1221.3129,386.84265,-2.7523193,-2.2357483,-140.91255142621733
40,7,655.50696,437.1709,-2.7565308,2.1987305,141.42259354981783
40,40,780.0087,380.71796,0.19604492,2.7210388,85.87908440742667
40,6,69.96864,406.28528,-1.0483017,-0.40112305,-159.06110794925874
40,41,1727.4158,801.7746,-15.281982,-19.259216,-128.43162465097438
40,2,1111.4944,394.36957,-2.3666992,-3.0384216,-127.91587703345525
40,12,827.1736,463.73425,-1.2567139,5.2628174,103.43022196478279
40,51,470.42474,492.6649,-2.2756958,3.4554443,123.36820821552347
40,5,1394.043,421.8028,0.48779297,-0.20721436,-23.015775584479798
40,3,296.32504,1007.5252,-13.438629,14.949585,131.95332081588128
40,54,1395.4823,419.69937,0.5447998,-0.42358398,-37.86520575934827
41,1,310.5955,618.70154,-6.94812,5.4786377,141.74399204682763
41,4,1228.8357,551.80945,-5.847168,-7.1573486,-129.2469700089689
41,14,1217.9653,386.06323,-3.3475342,-0.77941895,-166.89312661088664
41,7,653.6842,438.62405,-1.8227539,1.4531555,141.4370692545627
41,40,779.8572,382.6591,-0.1515503,1.9411316,94.46420731335962
41,6,68.86374,405.89642,-1.1049042,-0.38885498,-160.61122076645918
41,41,1709.1191,786.45154,-18.29663,-15.323059,-140.05450569679525
41,2,1110.0134,390.71918,-1.480957,-3.6503906,-112.08230768779319
41,12,825.8585,467.66537,-1.3150635,3.9311218,108.49644141660782
41,51,468.40057,493.8061,-2.02417,1.1412048,150.5861723170407
41,5,1394.5328,421.94388,0.48986816,0.14108276,16.066479639216002
41,3,287.09937,1020.4984,-9.2256775,12.973206,125.41789670322592
41,54,1395.7969,419.64886,0.3145752,-0.05050659,-9.121274558802794
41,57,67.09958,406.1053,-0.85835266,-0.6051636,-144.81505098202433
41,33,1337.5634,377.7127,-16.134644,-4.2213745,-165.3381149435999
42,1,304.25345,624.3614,-6.342041,5.659851,138.25320306262586
42,4,1223.9807,546.1574,-4.8549805,-5.6520386,-130.6618747080111
42,14,1215.5781,383.94305,-2.387207,-2.1201782,-138.39038302165633
42,7,651.84717,440.3954,-1.8370361,1.7713318,136.04317680594897
42,40,780.89136,384.1662,1.0341797,1.5071106,55.54207580285252
42,6,67.02355,406.11246,-1.8401871,0.21603394,173.30424944509883
42,41,1693.4026,772.92017,-15.716553,-13.531372,-139.27276300060268
42,2,1107.891,387.802,-2.1224365,-2.9171753,-126.03834880971661
42,12,824.2848,472.18942,-1.5737305,4.524048,109.18068695448439
42,51,465.437,495.60297,-2.963562,1.796875,148.77061459571883
42,5,1395.1621,421.76892,0.62927246,-0.17495728,-15.537581397992298
42,54,1396.1978,419.6053,0.4008789,-0.0435791,-6.204197606034158
42,59,652.7899,439.87567,-1.258606,1.5776367,128.58214167567448
42,33,1337.1277,377.4115,-0.43566895,-0.3012085,-145.3411759526163
43,1,297.1512,629.54834,-7.102234,5.1869507,143.85834842770112
43,4,1220.4977,541.182,-3.4830322,-4.975403,-124.99395422216347
43,14,1214.1777,381.71857,-1.4003906,-2.2244873,-122.1918143928595
43,7,650.25586,442.26233,-1.5913086,1.8669434,130.44295961453702
43,40,779.99,386.09692,-0.9013672,1.9307251,115.0257178079874
43,6,65.22157,405.75146,-1.8019791,-0.36099243,-168.6718282030404
43,41,1678.687,759.89087,-14.715576,-13.029297,-138.47804739213336
43,2,1106.4854,386.12695,-1.4056396,-1.6750488,-130.00214357442042
43,12,822.8259,476.68274,-1.4588623,4.4933167,107.98725693093738
43,51,462.14838,498.6018,-3.2886353,2.9988403,137.6389419760302
43,5,1395.3477,421.19516,0.18554688,-0.573761,-72.07946419569198
43,54,1396.3817,419.17834,0.18395996,-0.42694092,-66.68979511403212
43,59,651.53326,441.57172,-1.2566528,1.6960449,126.535906056822
43,33,1338.1082,376.13892,0.98046875,-1.272583,-52.3873434919212
44,1,287.0818,638.22205,-10.0694275,8.673706,139.2587128821277
44,4,1200.2566,533.0399,-20.241089,-8.14209,-158.08727024780032
44,14,1212.4541,378.95172,-1.7236328,-2.7668457,-121.92123447043843
44,7,646.80554,445.03888,-3.4503174,2.7765503,141.1755612028206
44,40,779.7843,389.55563,-0.20568848,3.4587097,93.40335522447499
44,6,62.900826,404.9761,-2.3207474,-0.7753601,-161.5255615154114
44,41,1655.0598,741.6882,-23.627197,-18.202698,-142.38887973134246
44,2,1103.7019,382.40176,-2.7834473,-3.7251892,-126.76694625937776
44,12,820.9038,483.7148,-1.9221191,7.032074,105.28757787027453
44,5,1395.4446,420.83508,0.09692383,-0.3600769,-74.93447235870764
44,54,1396.2792,418.85016,-0.10253906,-0.32818604,-107.3509909305546
44,59,648.6306,444.48877,-2.902649,2.9170532,134.8581879774168
44,33,1337.6409,375.92273,-0.46728516,-0.21618652,-155.17267749704098
45,1,278.42838,645.18115,-8.653412,6.9591064,141.19362780910845
45,4,1203.9421,526.2038,3.6855469,-6.8361206,-61.66963152445494
45,14,1210.8196,376.92023,-1.6345215,-2.0314941,-128.8198355324515
45,7,645.07697,448.58698,-1.7285767,3.5480957,115.97461863197901
45,40,779.535,391.77783,-0.24932861,2.2221985,96.40175988306419
45,6,61.157505,404.76215,-1.7433205,-0.21395874,-173.0030466890652
45,41,1637.8018,727.3915,-17.258057,-14.296692,-140.36141752666092
45,2,1098.2057,379.90717,-5.496216,-2.4945984,-155.58786002181697
45,12,818.86804,489.38318,-2.0357666,5.6683655,109.75551034152681
45,5,1395.5754,420.57938,0.13085938,-0.2557068,-62.89865028992513
45,54,1396.4597,418.41046,0.18054199,-0.43969727,-67.6766908942538
45,33,1338.3113,375.58746,0.67041016,-0.3352661,-26.569224060761158
46,1,271.03543,650.286,-7.3929443,5.1048584,145.374761967332
46,4,1202.5559,521.1055,-1.3862305,-5.0982666,-105.21111496601722
46,14,1209.935,375.7118,-0.8845215,-1.208435,-126.20249215991535
46,7,643.25745,452.1457,-1.819519,3.5587158,117.0799922429166
46,40,779.1681,395.16312,-0.36688232,3.3852844,96.18532533110387
46,6,60.285652,404.54108,-0.8718529,-0.22106934,-165.77180003982932
46,41,1623.7976,715.32245,-14.00415,-12.069031,-139.24464035921713
46,2,1096.1642,376.66455,-2.041504,-3.2426147,-122.19393186131595
46,12,816.47864,493.17975,-2.3894043,3.7965698,122.18461682908314
46,5,1395.28,420.18304,-0.29541016,-0.3963318,-126.69940026221893
46,54,1396.1685,418.2104,-0.29125977,-0.20007324,-145.5139039687396
46,33,1338.2988,375.7387,-0.012451172,0.15124512,94.7062311092253
46,60,57.79496,405.7917,-0.4104538,-0.7145996,-119.87232288452022
46,51,446.70062,509.76697,-15.447754,11.165161,144.14175506070004
