frame_id,track_id,center_x,center_y,smooth_x,smooth_y,vx,vy,angle,angle_diff,angle_ok,net_angle_ok,lateral_ok
4,1,330.95087,506.5069,336.94635,498.9308,-6.9157715,7.6998596,131.92918379866433,0,False,False,False
4,2,478.55396,516.02136,483.23395,503.08765,-5.4734497,15.355652,109.61836956605411,0,False,False,False
4,3,522.6869,272.80444,523.55634,272.10907,-0.918396,0.8477173,0,0,False,False,False
4,4,393.4367,334.28503,397.14832,331.83792,-3.9083557,2.7393188,144.97385488022329,0,False,False,False
4,5,702.8876,265.3163,703.26373,266.26123,-0.4873047,-1.7161255,0,0,False,False,False
4,6,725.76544,210.92683,725.68445,211.11893,0.07897949,-0.2581482,0,0,False,False,False
4,7,562.73944,218.21716,563.2866,218.42387,-0.67333984,-0.39237976,0,0,False,False,False
4,8,863.76135,337.7743,863.74585,337.7735,0.020629883,-0.025878906,0,0,False,False,False
4,10,595.02405,219.41074,594.854,218.88489,0.08099365,0.61776733,0,0,False,False,False
4,11,683.9077,232.38516,684.69684,232.85237,-0.92230225,-0.60554504,0,0,False,False,False
5,1,326.19803,513.54895,333.18445,504.04712,-9.224762,11.359802,129.07842994834974,-2.8507538503145895,False,False,False
5,2,473.82355,526.98193,479.9403,511.45062,-7.7041016,20.589478,110.51467516926995,0.8963056032158363,False,False,False
5,3,522.0964,272.9594,523.04535,272.40668,-1.2678833,1.0208435,0,0,False,False,False
5,4,390.0589,336.5168,394.667,333.47552,-5.6383057,4.0126953,144.5611275852996,-0.412727294923684,False,False,False
5,5,702.7991,265.95862,703.1011,266.1553,-0.5465088,-1.318512,0,0,False,False,False
5,6,725.7226,210.82559,725.69775,211.01625,0.08068848,-0.2983551,0,0,False,False,False
5,7,562.31445,218.78296,562.94635,218.54955,-0.88427734,-0.12953186,0,0,False,False,False
5,8,863.78406,337.75952,863.75916,337.7686,0.029968262,-0.015472412,0,0,False,False,False
5,10,595.22974,219.95679,594.9855,219.26004,0.18890381,0.9087982,0,0,False,False,False
5,11,683.2263,232.28589,684.1821,232.65408,-1.2758789,-0.70825195,0,0,False,False,False
5,9,999.8605,279.3004,1003.50696,280.54108,-2.237793,-0.68740845,-162.92401437516548,0,False,False,False
6,1,320.16098,521.03516,328.62622,509.99292,-11.548492,15.141541,127.33286039485915,-1.7455695534905828,False,False,False
6,2,469.4394,538.1398,476.26495,520.7918,-9.489014,24.668457,111.03982887580152,0.5251537065315688,False,False,False
6,3,521.57306,273.7546,522.53,272.87845,-1.4945068,1.1438293,0,0,False,False,False
6,4,387.4329,338.50824,392.13507,335.23697,-7.0118103,4.7167053,146.07206295476973,1.5109353694701326,False,False,False
6,5,702.5845,266.13388,702.9202,266.1478,-0.54608154,-0.6222229,0,0,False,False,False
6,6,725.7112,210.7959,725.70245,210.93912,0.061584473,-0.28326416,0,0,False,False,False
6,7,561.9236,219.32632,562.5884,218.82141,-0.9928589,0.28622437,0,0,False,False,False
6,8,863.7612,337.73688,863.7599,337.75748,0.022338867,-0.015594482,0,0,False,False,False
6,10,595.095,220.6222,595.0238,219.73679,0.26135254,1.1350403,0,0,False,False,False
6,11,682.7666,232.26013,683.68665,232.51619,-1.4351807,-0.58776855,0,0,False,False,False
6,12,920.44385,330.71762,920.45557,330.68442,-0.0029296875,0.015594482,0,0,False,False,False
6,9,999.33093,278.32605,1002.0453,279.7658,-3.8215942,-1.5250854,-158.24451689694982,4.679497478215666,False,False,False
7,1,314.70993,527.88116,323.75552,516.2538,-13.190826,17.322998,127.28793936071537,-0.044921034143783345,False,False,False
7,2,464.62363,549.833,472.1905,530.9562,-11.043457,27.86853,111.61692758439617,0.5770987085946473,False,False,False
7,3,520.42413,274.35858,521.79297,273.39648,-1.7633667,1.2874146,143.867231091718,0,False,False,False
7,4,384.88272,341.2886,389.59674,337.35504,-7.5515747,5.5171204,143.8484332385325,-2.223629716237241,False,False,False
7,5,702.1017,265.77798,702.6337,266.01837,-0.6300049,-0.24285889,0,0,False,False,False
7,6,725.7332,210.74155,725.7132,210.86996,0.028747559,-0.2489624,0,0,False,False,False
7,7,561.5834,219.18991,562.23663,218.95038,-1.0499878,0.5265045,0,0,False,False,False
7,8,863.74194,337.6801,863.75354,337.7304,0.0076904297,-0.04309082,0,0,False,False,False
7,10,594.87366,222.02216,594.97125,220.53665,0.117248535,1.6517639,0,0,False,False,False
7,12,920.4416,330.7862,920.4506,330.72003,-0.012268066,0.054870605,0,0,False,False,False
7,9,1002.2798,278.67194,1002.1273,279.38293,-3.3431396,-1.8262329,-151.3538605209613,6.890656375988527,False,False,False
8,1,309.046,534.76715,318.60718,522.73346,-14.5772705,18.68634,127.95790052278019,0.6699611620648227,False,False,False
8,2,459.34497,561.65857,467.69452,541.70197,-12.245789,30.251343,112.03817561602911,0.4212480316329419,False,False,False
8,3,519.4621,275.0478,520.9772,273.97443,-2.0681763,1.567749,142.83661625277045,-1.0306148389475425,False,False,False
8,4,381.84955,344.41812,386.8852,339.8271,-7.7817993,6.3515625,140.77842085138045,-3.0700123871520475,False,False,False
8,5,701.7063,265.4475,702.3091,265.81857,-0.7919922,-0.33673096,0,0,False,False,False
8,6,725.74066,210.68643,725.7228,210.80573,0.025024414,-0.21052551,0,0,False,False,False
8,7,561.32526,219.45013,561.9176,219.12527,-1.0287476,0.57572937,0,0,False,False,False
8,8,863.73816,337.65686,863.7481,337.70465,-0.011047363,-0.063934326,0,0,False,False,False
8,10,594.75684,222.2803,594.8962,221.14691,-0.08929443,1.8868713,0,0,False,False,False
8,12,920.4245,330.852,920.44147,330.7662,-0.020446777,0.09963989,0,0,False,False,False
8,11,682.2023,230.93741,683.1671,231.96361,-1.5297241,-0.8887634,0,0,False,False,False
9,1,303.4903,541.81055,313.31628,529.4104,-15.309937,19.41748,128.2544203525172,0.29651982973700797,False,False,False
9,2,453.9809,574.5927,462.89474,553.21375,-13.370209,32.421936,112.41034818748264,0.37217257145353244,False,False,False
9,3,518.51416,276.42432,520.1151,274.83188,-2.414917,1.9534302,141.03054962395169,-1.806066628818769,False,False,False
9,4,379.44833,346.50644,384.2823,342.16486,-7.852783,6.927887,138.5805986182783,-2.1978222331021584,False,False,False
9,5,701.46576,265.43152,702.0139,265.6831,-0.90631104,-0.46469116,0,0,False,False,False
9,6,725.7582,210.58974,725.73517,210.73012,0.032714844,-0.20899963,0,0,False,False,False
9,7,561.1129,219.47487,561.6359,219.24762,-0.9524536,0.4262085,0,0,False,False,False
9,8,863.7326,337.62006,863.7427,337.67502,-0.017211914,-0.082458496,0,0,False,False,False
9,10,594.63116,222.46472,594.8034,221.60812,-0.22039795,1.8713379,0,0,False,False,False
9,12,920.41003,330.87903,920.4304,330.8057,-0.025146484,0.121276855,0,0,False,False,False
9,11,681.88586,230.57309,682.7186,231.47691,-1.463501,-1.1771698,0,0,False,False,False
10,1,297.40308,549.18207,307.74664,536.33044,-16.00888,20.07666,128.56842521326152,0.3140048607443191,False,False,False
10,2,447.72998,588.58105,457.58704,565.5923,-14.603455,34.63611,112.86151189984001,0.4511637123573706,False,False,False
10,3,518.4137,276.92313,519.5196,275.5638,-2.2733765,2.167328,136.36802208100914,-4.6625275429425415,False,False,False
10,4,376.99326,349.3152,381.7311,344.66748,-7.865631,7.312439,137.08732410378963,-1.493274514488661,False,False,False
10,5,701.2643,264.92432,701.7515,265.41754,-0.88220215,-0.6008301,0,0,False,False,False
10,6,725.7467,210.43979,725.7392,210.62851,0.026000977,-0.24145508,0,0,False,False,False
10,7,560.8628,219.44453,561.3653,219.31653,-0.8713379,0.3661499,0,0,False,False,False
10,8,863.72424,337.6102,863.7362,337.6523,-0.017333984,-0.07809448,0,0,False,False,False
10,10,594.397,223.13934,594.66113,222.14404,-0.31011963,1.6073914,0,0,False,False,False
10,12,920.383,330.8717,920.41376,330.8288,-0.036865234,0.10876465,0,0,False,False,False
10,11,681.5013,230.21826,682.29254,231.03638,-1.394104,-1.4798126,-133.2917782173711,0,False,False,False
11,1,291.03027,556.63306,301.8959,543.43634,-16.711273,20.70288,128.9103141673763,0.34188895411477915,False,False,False
11,3,517.9717,277.68933,518.9778,276.30774,-1.9993896,2.333313,130.59290058147985,-5.775121499529291,False,False,False
11,4,374.10663,351.8998,379.06253,347.1988,-7.8226624,7.371704,136.69999993692994,-0.38732416685968474,False,False,False
11,5,701.18396,264.21863,701.55286,264.99792,-0.7562256,-0.8206482,0,0,False,False,False
11,6,725.7219,210.31744,725.73315,210.51962,0.010375977,-0.2861023,0,0,False,False,False
11,8,863.74255,337.54797,863.7384,337.61578,-0.00970459,-0.08886719,0,0,False,False,False
11,10,594.2083,224.2294,594.5026,222.8739,-0.3935547,1.7269897,0,0,False,False,False
11,12,920.30994,330.94147,920.3774,330.86823,-0.064086914,0.10202026,0,0,False,False,False
11,11,681.2569,229.94843,681.93005,230.6556,-1.2370605,-1.3080139,0,0,False,False,False
12,1,284.59402,565.02716,295.84024,550.9931,-17.476044,21.582703,128.9979408081981,0.08762664082181004,False,False,False
12,3,517.361,278.53226,518.41187,277.0863,-1.7032471,2.254425,127.07151526150787,-3.5213853199719836,False,False,False
12,4,371.69196,353.6313,376.48282,349.45013,-7.799469,7.2852783,136.95227354412538,0.2522736071954341,False,False,False
12,5,700.78314,263.6651,701.28345,264.53143,-0.73046875,-1.1516724,0,0,False,False,False
12,6,725.6947,210.1954,725.71967,210.40614,-0.01550293,-0.3239746,0,0,False,False,False
12,8,863.7473,337.50888,863.74146,337.57837,-0.0012207031,-0.09664917,0,0,False,False,False
12,10,594.1477,224.82613,594.3784,223.55716,-0.4249878,1.9490356,0,0,False,False,False
12,12,920.2524,331.03046,920.3336,330.925,-0.09680176,0.11929321,0,0,False,False,False
12,11,680.8653,230.12148,681.5574,230.46866,-1.1612549,-1.008255,0,0,False,False,False
13,1,278.20908,573.1429,289.6693,558.7455,-18.077332,22.41504,128.8855606762808,-0.11238013191731966,False,False,False
13,3,516.46155,279.91574,517.72925,278.0766,-1.7903442,2.5127869,125.4696240858195,-1.6018911756883654,False,False,False
13,4,368.2176,357.4422,373.58997,352.24734,-8.141144,7.5798645,137.0447340699151,0.09246052578973263,False,False,False
13,5,700.13354,263.7237,700.881,264.24872,-0.87054443,-1.1688232,0,0,False,False,False
13,6,725.6467,210.08685,725.6941,210.29439,-0.04510498,-0.3341217,0,0,False,False,False
13,8,863.7363,337.50757,863.7396,337.5536,0.0034179688,-0.098724365,0,0,False,False,False
13,10,594.15247,225.32932,594.2993,224.1774,-0.3618164,2.0333557,100.08963741759004,0,False,False,False
13,11,680.35,230.19849,681.13477,230.37408,-1.1577759,-0.6622925,0,0,False,False,False
13,13,863.7374,337.51086,863.73395,337.54578,0.0154418945,-0.07299805,0,0,False,False,False
13,7,559.7024,221.02599,560.78326,219.91483,-1.1343384,0.7895508,0,0,False,False,False
14,1,270.6345,581.39545,283.0071,566.673,-18.888794,23.236633,129.10726726303324,0.2217065867524468,False,False,False
14,3,515.7445,281.00116,517.03455,279.1002,-1.9432373,2.79245,124.83366122172366,-0.6359628640958448,False,False,False
14,4,365.99908,359.9688,370.93314,354.94986,-8.129395,7.751068,136.364721414805,-0.6800126551101187,False,False,False
14,5,699.6809,262.5648,700.46094,263.65933,-1.091919,-1.3385925,0,0,False,False,False
14,6,725.591,209.95827,725.65796,210.17673,-0.07519531,-0.3428955,0,0,False,False,False
14,8,863.7395,337.45358,863.7395,337.51855,0.0010986328,-0.097229004,0,0,False,False,False
14,10,594.1205,225.94707,594.2367,224.79678,-0.26593018,1.9228821,0,0,False,False,False
14,13,863.74274,337.45288,863.73706,337.51324,0.012756348,-0.08126831,0,0,False,False,False
14,7,559.29065,221.85983,560.2608,220.59557,-1.3751221,1.3479462,0,0,False,False,False
14,12,920.03955,331.12753,920.2307,330.99585,-0.18304443,0.16705322,0,0,False,False,False
15,1,263.23694,589.653,276.08755,574.716,-19.752686,23.7229,129.78218977360453,0.6749225105712924,False,False,False
15,3,515.0029,282.03357,516.3235,280.12686,-2.088379,3.0405579,124.48286430028656,-0.3507969214370945,False,False,False
15,4,362.70215,362.76587,368.05228,357.68546,-8.430542,8.235321,135.67112184797074,-0.6935995668342514,False,False,False
15,5,699.083,262.09048,699.97864,263.11023,-1.3048096,-1.4212036,0,0,False,False,False
15,6,725.5502,209.79768,725.6202,210.04407,-0.099487305,-0.3620758,0,0,False,False,False
15,8,863.73755,337.44623,863.7388,337.49323,-0.0026855469,-0.08514404,0,0,False,False,False
15,10,593.9711,226.07309,594.14374,225.24348,-0.23468018,1.6863251,0,0,False,False,False
15,13,863.7411,337.44623,863.73846,337.48978,0.0064086914,-0.074798584,0,0,False,False,False
15,7,559.131,222.25653,559.86536,221.17691,-1.499939,1.8603821,128.87760669995325,0,False,False,False
15,12,919.9519,331.208,920.1331,331.0701,-0.2442627,0.20187378,0,0,False,False,False
16,1,253.84122,598.5226,268.30133,583.0483,-21.367981,24.302795,131.3232155885178,1.5410258149132687,False,False,False
16,3,513.9393,284.27777,515.489,281.57968,-2.2402344,3.5030823,122.59906896570168,-1.8837953345848888,True,True,False
16,4,359.62204,365.317,365.10168,360.3565,-8.488281,8.109161,136.30852640620674,0.6374045582359997,False,False,False
16,5,698.6365,261.89728,699.50885,262.68567,-1.3721313,-1.5630493,-131.27845524081457,0,False,False,False
16,6,725.50507,209.607,725.5799,209.89108,-0.11419678,-0.40330505,0,0,False,False,False
16,8,863.72925,337.38684,863.7354,337.456,-0.004211426,-0.097595215,0,0,False,False,False
16,10,593.99805,225.99998,594.0927,225.50826,-0.206604,1.3308563,0,0,False,False,False
16,13,863.73224,337.38507,863.73627,337.45312,0.002319336,-0.09265137,0,0,False,False,False
16,7,558.93823,222.36356,559.54083,221.59222,-1.2424316,1.6773987,126.52696071062408,-2.3506459893291662,False,False,False
16,12,919.8236,331.33984,920.0248,331.1645,-0.3088379,0.23950195,0,0,False,False,False
17,3,513.2106,285.56403,514.6915,282.97418,-2.3430176,3.873993,121.16583746728989,-1.4332314984117858,False,False,False
17,4,356.71094,368.0965,362.16492,363.0655,-8.768219,8.115631,137.21347195884124,0.9049455526345014,False,False,False
17,5,698.38,262.0116,699.1137,262.44974,-1.347229,-1.2095947,0,0,False,False,False
17,6,725.43396,209.4072,725.5288,209.72171,-0.12915039,-0.4550171,0,0,False,False,False
17,8,863.7245,337.3346,863.73157,337.4135,-0.00793457,-0.105041504,0,0,False,False,False
17,10,593.8724,226.20924,594.01556,225.75359,-0.22113037,0.95680237,0,0,False,False,False
17,13,863.7269,337.33276,863.7329,337.411,-0.0041503906,-0.10223389,0,0,False,False,False
17,7,558.72864,222.57709,559.2566,221.93692,-1.0042114,1.3413544,0,0,False,False,False
17,9,978.4968,278.4781,993.8566,279.06622,-9.65033,-1.4748535,-171.31075844782018,-19.956897926858886,False,False,False
17,11,679.8838,229.9449,680.6969,230.22386,-1.2331543,-0.43173218,0,0,False,False,False
18,3,512.1758,286.75018,513.811,284.29578,-2.5125122,4.168915,121.07643505752219,-0.08940240976770042,False,False,False
18,4,354.13782,371.06345,359.3554,365.86475,-8.696869,8.179291,136.75666443801262,-0.45680752082861886,False,False,False
18,5,697.7848,261.162,698.64856,261.99902,-1.3300781,-1.111206,0,0,False,False,False
18,6,725.46216,209.29358,725.5055,209.57187,-0.11468506,-0.4721985,0,0,False,False,False
18,8,863.7352,337.29642,863.7328,337.3725,-0.0059814453,-0.12072754,0,0,False,False,False
18,10,592.9003,226.86404,593.62524,226.14224,-0.51849365,0.89875793,0,0,False,False,False
18,13,863.7366,337.29413,863.7342,337.3701,-0.004272461,-0.11968994,0,0,False,False,False
18,7,558.42175,222.59576,558.9644,222.16751,-0.90093994,0.9906006,0,0,False,False,False
18,12,919.6184,331.559,919.88257,331.30255,-0.34814453,0.30670166,0,0,False,False,False
19,3,511.31882,287.91617,512.9387,285.56293,-2.550293,3.9832458,122.62960576660929,1.553170709087098,False,False,False
19,4,347.69592,375.85675,355.2746,369.36194,-9.827087,9.005432,137.49820753512154,0.7415430971089165,False,False,False
19,5,697.2291,260.5972,698.15173,261.50836,-1.3571167,-1.1773071,0,0,False,False,False
19,6,725.5309,209.18463,725.51434,209.43634,-0.06555176,-0.45474243,0,0,False,False,False
19,8,863.728,337.20627,863.7311,337.3143,-0.004333496,-0.14169312,0,0,False,False,False
19,10,592.6261,227.05415,593.2755,226.4614,-0.8171997,0.95314026,0,0,False,False,False
19,13,863.7281,337.20398,863.73206,337.31195,-0.004211426,-0.14117432,0,0,False,False,False
19,7,558.02936,222.79811,558.6371,222.38821,-0.90374756,0.79599,0,0,False,False,False
19,9,975.2804,278.00842,987.3549,278.69598,-14.690369,-1.0698242,-175.83479513341064,-4.52403668559046,False,False,False
20,3,511.01703,288.69272,512.2661,286.65833,-2.425415,3.684143,123.35846865269978,0.7288628860904964,False,False,False
20,4,345.34564,378.05017,351.79944,372.4028,-10.3654785,9.337311,137.98720572653255,0.48899819141101375,False,False,False
20,5,697.0655,259.95538,697.77155,260.9648,-1.3421631,-1.4849243,-132.10915414525232,-0.8306989044377531,False,False,False
20,6,725.5823,209.1024,725.5381,209.31946,0.009277344,-0.4022522,0,0,False,False,False
20,8,863.7268,337.1831,863.72955,337.26837,-0.0020141602,-0.1451416,0,0,False,False,False
20,10,592.5655,227.30463,593.027,226.75653,-0.9885864,1.002945,0,0,False,False,False
20,13,863.726,337.18146,863.73,337.26627,-0.0029296875,-0.14474487,0,0,False,False,False
20,7,557.6304,223.0968,558.2847,222.63622,-0.9718628,0.69929504,0,0,False,False,False
20,9,974.1456,277.9402,982.7317,278.43146,-19.39563,-0.95147705,-177.19153480636774,-1.3567396729571044,False,False,False
21,3,510.42987,289.53503,511.6234,287.66516,-2.187561,3.3693848,122.9935046963219,-0.3649639563778777,False,False,False
21,4,341.4132,381.25656,348.16425,375.5016,-11.191162,9.636841,139.26787336335968,1.2806676368271326,False,False,False
21,5,696.97205,259.47238,697.4917,260.44244,-1.1568604,-1.5565796,0,0,False,False,False
21,6,725.57916,209.02579,725.5524,209.21667,0.046936035,-0.3551941,0,0,False,False,False
21,8,863.72144,337.19342,863.7267,337.24213,-0.0061035156,-0.1303711,0,0,False,False,False
21,10,592.48236,227.69254,592.83636,227.08412,-0.7888794,0.9418793,0,0,False,False,False
21,13,863.7205,337.19196,863.7266,337.24023,-0.0075683594,-0.1298523,0,0,False,False,False
21,7,557.188,223.64197,557.9009,222.98822,-1.0635376,0.8207092,0,0,False,False,False
21,9,973.64294,278.2759,979.5506,278.377,-14.30603,-0.689209,-177.2418443553485,-0.05030954898074924,False,False,False
22,3,509.78223,290.6275,510.979,288.70197,-1.9597168,3.139038,121.97673431900503,-1.016770377316874,False,False,False
22,4,338.05505,384.07922,344.626,378.50372,-10.64859,9.141785,139.35400256980498,0.08612920644529254,False,False,False
22,5,696.73694,258.92078,697.22754,259.90985,-0.92419434,-1.5985107,0,0,False,False,False
22,6,725.5828,209.02092,725.56305,209.14815,0.048706055,-0.28819275,0,0,False,False,False
22,8,863.7206,337.20892,863.7245,337.2305,-0.006591797,-0.08380127,0,0,False,False,False
22,10,592.2161,227.7666,592.61926,227.32298,-0.65625,0.8615875,0,0,False,False,False
22,13,863.7196,337.20746,863.7241,337.22876,-0.00793457,-0.08319092,0,0,False,False,False
22,7,556.8823,224.3735,557.5444,223.47305,-1.0927124,1.0848389,0,0,False,False,False
22,9,973.0324,278.0176,977.2692,278.25122,-10.085693,-0.44476318,-177.4749823413927,-0.23313798604419844,False,False,False
23,3,509.2281,291.7965,510.36618,289.78503,-1.8999329,3.126709,121.28479923082658,-0.6919350881784538,False,False,False
23,4,334.76562,387.7561,341.17487,381.74203,-10.624573,9.339233,138.6838173139703,-0.6701852558346673,False,False,False
23,5,696.3956,258.26215,696.93634,259.33313,-0.8352051,-1.6316833,0,0,False,False,False
23,6,725.5966,209.02339,725.57477,209.10448,0.03668213,-0.21498108,0,0,False,False,False
23,8,863.7218,337.20782,863.7235,337.22253,-0.0060424805,-0.045837402,0,0,False,False,False
23,13,863.72095,337.2063,863.723,337.2209,-0.006958008,-0.04537964,0,0,False,False,False
23,7,556.70135,224.85992,557.2493,223.95845,-1.0354004,1.3222351,0,0,False,False,False
23,9,968.42163,277.93298,974.17255,278.13983,-8.559143,-0.29162598,-178.0485807672523,-0.5735984258596147,True,True,False
24,3,508.57068,293.15955,509.73773,290.9661,-1.8856812,3.3009338,119.73746484762592,-1.5473343832006634,False,False,False
24,4,331.542,391.49207,337.80334,385.15454,-10.360901,9.652954,137.02586945271779,-1.6579478612525236,False,False,False
24,5,696.194,257.78696,696.6765,258.79196,-0.81518555,-1.6504822,0,0,False,False,False
24,6,725.5967,209.00854,725.5824,209.07089,0.029968262,-0.14578247,0,0,False,False,False
24,8,863.7144,337.22906,863.72034,337.22482,-0.0063476562,-0.017303467,0,0,False,False,False
24,13,863.7136,337.22766,863.7197,337.22327,-0.0068969727,-0.016967773,0,0,False,False,False
24,7,556.54553,225.9422,557.003,224.65274,-0.8978882,1.6645203,0,0,False,False,False
24,9,966.3843,277.4319,971.44666,277.89203,-8.103943,-0.48498535,-176.5751842563639,1.4733965108883922,True,True,False
24,20,245.3226,342.69196,245.37164,342.67487,-0.08930969,0.013061523,0,0,False,False,False
24,10,591.21094,232.01822,592.12634,228.96631,-0.90063477,2.2097778,112.1742375880472,12.084600170457165,False,False,False
25,3,507.8608,294.3083,509.0808,292.13586,-1.8981934,3.433899,118.93297446861432,-0.8044903790115967,False,False,False
25,4,327.0622,395.04095,334.0439,388.61478,-10.582092,10.111053,136.3040006883795,-0.7218687643382964,False,False,False
25,5,696.03357,257.43637,696.4515,258.3175,-0.776062,-1.5923462,0,0,False,False,False
25,6,725.59814,208.97488,725.5879,209.03728,0.024841309,-0.11087036,0,0,False,False,False
25,8,863.71155,337.24026,863.7173,337.23022,-0.0072021484,-0.0002746582,0,0,False,False,False
25,13,863.7108,337.239,863.71655,337.22876,-0.0075683594,0.0,0,0,False,False,False
25,7,556.28375,226.87463,556.7512,225.43039,-0.79315186,1.9573364,112.05877522500758,-14.468185485616502,False,False,False
25,9,964.4131,277.61877,968.98486,277.7964,-8.284363,-0.45483398,-176.8574613118279,-0.28227705546399307,True,True,False
25,20,245.28937,342.62805,245.34283,342.65845,-0.0920105,0.0006713867,0,0,False,False,False
26,3,506.92352,295.15076,508.32574,293.19107,-2.0404358,3.4060364,120.92433221319038,1.9913577445760637,False,False,False
26,4,323.31677,398.78363,330.2894,392.17386,-10.885468,10.431824,136.21910200720862,-0.08489868117086985,False,False,False
26,5,695.7174,257.0916,696.1945,257.88843,-0.7418213,-1.4447021,0,0,False,False,False
26,6,725.63293,208.9147,725.60364,208.99437,0.028869629,-0.11010742,0,0,False,False,False
26,8,863.69556,337.16272,863.7096,337.20657,-0.013916016,-0.015960693,0,0,False,False,False
26,13,863.6948,337.1615,863.70886,337.2052,-0.014160156,-0.015686035,0,0,False,False,False
26,7,556.0435,227.82498,556.50354,226.2685,-0.7457886,2.3100433,107.89247355056057,-4.166301674447013,False,False,False
26,9,962.4989,277.46912,966.7147,277.68182,-7.4578247,-0.4580078,-176.4857047316462,0.3717565801817102,False,False,False
26,20,245.25269,342.4986,245.31128,342.60248,-0.086761475,-0.06317139,0,0,False,False,False
26,10,591.26953,232.13904,591.8264,230.07675,-1.0099487,2.99263,108.64844051049313,-3.525797077554074,False,False,False
27,3,505.8413,296.1465,507.45618,294.22546,-2.2815552,3.259369,124.99198419436382,4.067651981173441,False,False,False
27,4,318.69824,402.48438,326.23248,395.78253,-11.570862,10.627991,137.43211144546783,1.2130094382592063,False,False,False
27,5,695.2549,256.80292,695.8656,257.50848,-0.8109131,-1.2834778,0,0,False,False,False
27,6,725.6482,208.90196,725.6192,208.962,0.0368042,-0.10888672,0,0,False,False,False
27,8,863.6956,337.0495,863.70465,337.15158,-0.015686035,-0.07324219,0,0,False,False,False
27,13,863.69495,337.04828,863.704,337.15027,-0.01574707,-0.07299805,0,0,False,False,False
27,7,555.76025,229.44563,556.2434,227.38048,-0.7595825,2.7277374,105.56071965415495,-2.3317538964056155,False,False,False
27,9,960.0144,277.48962,964.3696,277.61456,-7.0770264,-0.27746582,-177.7547798402092,-1.2690751085630154,False,False,False
27,20,245.25177,342.41168,245.29045,342.5357,-0.08119202,-0.13916016,0,0,False,False,False
27,10,591.1095,232.45697,591.5755,230.90982,-1.0437622,3.5868378,106.22488419377365,-2.423556316719484,False,False,False
28,3,504.66156,297.1867,506.47803,295.2619,-2.6027832,3.1260376,129.78124480728292,4.789260612919094,False,False,False
28,4,313.9428,405.43103,321.9311,399.1595,-12.1128235,10.544708,138.95909596310065,1.526984517632826,False,False,False
28,5,694.9447,256.44138,695.5433,257.13498,-0.9082031,-1.1825256,0,0,False,False,False
28,6,725.64136,208.89923,725.62695,208.94003,0.0390625,-0.09724426,0,0,False,False,False
28,8,863.7061,336.98016,863.7052,337.09155,-0.012084961,-0.13867188,0,0,False,False,False
28,13,863.70557,336.97906,863.7045,337.09033,-0.012023926,-0.13842773,0,0,False,False,False
28,7,555.3696,230.2335,555.93756,228.37903,-0.81365967,2.948639,105.42653169893651,-0.13418795521843663,False,False,False
28,9,959.3331,277.3479,962.6068,277.52124,-6.3780518,-0.27514648,-177.5298156406057,0.22496419960350522,False,False,False
29,3,503.80005,298.3414,505.5407,296.33972,-2.7850342,3.1486511,131.49329293196078,1.7120481246778638,False,False,False
29,4,309.6186,409.9466,317.6217,402.93494,-12.667694,10.761078,139.6524360374039,0.6933400743032507,False,False,False
29,5,694.79486,255.91144,695.2813,256.70673,-0.913208,-1.1817017,0,0,False,False,False
29,6,725.6461,208.84457,725.63367,208.90662,0.030029297,-0.087753296,0,0,False,False,False
29,8,863.7384,336.93933,863.7168,337.03827,0.0072021484,-0.16830444,0,0,False,False,False
29,13,863.7379,336.9384,863.7162,337.03714,0.0073242188,-0.1680603,0,0,False,False,False
29,7,554.9813,230.74239,555.60284,229.2062,-0.9006958,2.9377136,107.04541124383081,1.6188795448942983,False,False,False
29,9,959.2451,277.2693,961.4302,277.43304,-5.284546,-0.2487793,-177.304690320416,0.22512532018970433,False,False,False
30,3,503.05704,299.1598,504.6714,297.32675,-2.78479,3.1012878,131.92213691999243,0.4288439880316446,False,False,False
30,4,304.07446,413.76337,312.88016,406.72485,-13.352325,10.942322,140.66514757342287,1.0127115360189691,False,False,True
30,5,694.65344,255.94022,695.0615,256.43842,-0.80407715,-1.0700684,0,0,False,False,False
30,6,725.66315,208.76009,725.644,208.85532,0.024780273,-0.10668945,0,0,False,False,False
30,8,863.821,336.81256,863.75323,336.95926,0.048583984,-0.19232178,0,0,False,False,False
30,13,863.8207,336.8117,863.75275,336.95822,0.04876709,-0.19204712,0,0,False,False,False
30,7,554.6895,231.0751,555.2832,229.8603,-0.9602051,2.479828,111.16671920075284,4.121307956922024,False,False,False
30,9,959.418,276.9319,960.7258,277.25763,-3.6437988,-0.3569336,-174.4053577416283,2.8993325787876927,False,False,False
31,3,502.33698,300.42975,503.8543,298.41278,-2.6237183,3.150879,129.78394917904765,-2.1381877409447725,False,False,False
31,4,299.5603,417.70367,308.2182,410.56744,-13.712891,11.407959,140.24242279568526,-0.4227247777376135,False,False,True
31,5,694.3348,256.31015,694.8071,256.39352,-0.736145,-0.7414551,0,0,False,False,False
31,6,725.7147,208.62766,725.6687,208.77563,0.041748047,-0.1643982,0,0,False,False,False
31,8,863.86487,336.66797,863.79224,336.8573,0.08703613,-0.23425293,0,0,False,False,False
31,13,863.8647,336.66724,863.7919,336.85638,0.08734131,-0.23394775,0,0,False,False,False
31,9,956.91675,276.42273,959.3926,276.9654,-3.2142334,-0.55584717,-170.188703417771,4.216654323857313,False,False,False
31,10,589.21606,235.53546,590.74963,232.5288,-1.376709,3.5624847,111.1288392481247,4.903955054351059,False,False,False
32,3,501.01178,301.8745,502.8594,299.6244,-2.681305,3.284668,129.22508082538855,-0.5588683536591077,False,False,False
32,4,294.16873,422.07898,303.30087,414.5965,-14.320831,11.66156,140.84381598386094,0.6013931881756776,False,False,True
32,5,694.1158,255.9841,694.5651,256.2502,-0.7161865,-0.45651245,0,0,False,False,False
32,6,725.75775,208.55777,725.6998,208.69937,0.06616211,-0.20724487,0,0,False,False,False
32,8,863.8402,336.67322,863.80896,336.79285,0.092163086,-0.24542236,0,0,False,False,False
32,13,863.83997,336.67258,863.8087,336.79205,0.0925293,-0.24508667,0,0,False,False,False
32,9,955.22156,275.92877,957.93274,276.60257,-3.4974365,-0.83047485,-166.64236080286247,3.546342614908525,False,False,False
32,10,588.9633,235.57376,590.1244,233.59451,-1.7020264,3.5177612,115.81945887245777,4.690619624333067,False,False,False
32,7,553.48676,232.8251,554.6544,230.89798,-1.2831421,2.5189514,116.99408101911176,5.8273618183589235,True,True,False
33,3,499.53308,303.70416,501.6952,301.0523,-2.9761963,3.7255554,128.61994996840008,-0.6051308569884668,False,False,False
33,4,288.20624,426.85556,298.01773,418.88715,-14.862427,12.1622925,140.7056860633451,-0.13812992051583706,False,False,True
33,5,694.00073,255.49792,694.36755,255.98691,-0.6939697,-0.45150757,0,0,False,False,False
33,6,725.7805,208.47052,725.728,208.61926,0.08404541,-0.23605347,0,0,False,False,False
33,8,863.82153,336.6684,863.81335,336.74927,0.06011963,-0.20999146,0,0,False,False,False
33,13,863.8213,336.66785,863.8131,336.74857,0.06036377,-0.20965576,0,0,False,False,False
33,9,953.69714,275.94226,956.45026,276.37146,-4.2755737,-0.88616943,-168.29048285183654,-1.6481220489740736,False,False,False
33,27,595.121,212.49622,595.67804,212.02257,-0.37475586,0.42030334,0,0,False,False,False
33,10,589.0481,236.48737,589.7477,234.607,-1.8278198,3.697174,116.3070065277096,0.48754765525183075,False,False,False
33,7,553.1027,232.96812,554.1113,231.62253,-1.4915161,2.4163208,121.68568198482905,4.691600965717285,False,False,False
34,3,498.756,304.76297,500.66647,302.351,-3.1878357,3.9382324,128.98873328007733,0.3687833116772481,False,False,False
34,4,283.1281,431.1706,292.80637,423.18634,-15.411835,12.6188965,140.69008145425414,-0.015604609090956956,False,False,True
34,5,693.6367,254.63211,694.11176,255.51273,-0.69537354,-0.88079834,0,0,False,False,False
34,6,725.8815,208.43242,725.78174,208.55386,0.11303711,-0.22177124,0,0,False,False,False
34,8,863.8241,336.6839,863.8171,336.72638,0.024841309,-0.13092041,0,0,False,False,False
34,13,863.82385,336.6834,863.8169,336.72577,0.025024414,-0.13061523,0,0,False,False,False
34,9,952.1,275.6599,954.9276,276.1224,-4.464966,-0.84298706,-169.3083880949921,-1.0179052431555533,False,False,False
34,27,594.80945,212.86661,595.374,212.31798,-0.70355225,0.66038513,0,0,False,False,False
34,10,588.5366,237.32986,589.3238,235.56,-1.4258423,3.0312042,115.19173329273413,-1.1152732349754757,False,False,False
34,7,552.7896,232.70082,553.64874,231.99994,-1.6344604,2.1396332,127.37611928618286,5.6904373013538105,True,True,False
35,3,497.75775,305.7876,499.6484,303.5538,-3.2109985,3.9294128,129.25466541629208,0.265932136214758,False,False,False
35,4,278.18668,435.91977,287.68945,427.643,-15.61142,13.046509,140.1143977309651,-0.5756837232890462,False,False,True
35,5,692.99695,253.72107,693.72156,254.88565,-0.8435669,-1.364563,0,0,False,False,False
35,6,725.9596,208.4005,725.844,208.50018,0.14416504,-0.19918823,0,0,False,False,False
35,8,863.80115,336.64368,863.81146,336.69742,0.0025024414,-0.09542847,0,0,False,False,False
35,13,863.801,336.64328,863.8113,336.6969,0.0025634766,-0.09515381,0,0,False,False,False
35,9,950.8617,275.61365,953.5045,275.94434,-4.4282227,-0.65823364,-171.54517070537824,-2.2367826103861432,True,False,False
35,27,595.19214,213.00735,595.31036,212.55927,-0.6676636,0.7917175,0,0,False,False,False
35,10,587.92163,237.47546,588.833,236.23041,-1.2913818,2.6358948,116.10123249617563,0.9094992034414986,True,True,False
35,7,552.44385,232.84753,553.22705,232.2966,-1.4273682,1.3986206,0,0,False,False,False
36,3,496.73737,306.6893,498.62952,304.6512,-3.0656738,3.5989075,130.42550521618378,1.170839799891695,False,False,False
36,4,272.7586,440.79608,282.46365,432.24658,-15.554077,13.359436,139.34063542807232,-0.7737623028927771,False,False,True
36,5,692.40216,253.04514,693.25977,254.24147,-1.1077881,-1.7454376,-122.40233277916349,9.706821366088832,False,False,False
36,6,725.96014,208.259,725.88464,208.41577,0.15661621,-0.20349121,0,0,False,False,False
36,8,863.7666,336.61093,863.7957,336.66714,-0.01763916,-0.0821228,0,0,False,False,False
36,13,863.7665,336.6106,863.79553,336.6667,-0.017578125,-0.08187866,0,0,False,False,False
36,9,948.7407,274.64484,951.83716,275.4895,-4.613098,-0.881958,-169.17648328840278,2.3686874169754617,True,False,False
36,27,595.40857,213.16426,595.3447,212.771,-0.333313,0.74842834,0,0,False,False,False
36,10,587.01514,237.54996,588.1968,236.69225,-1.5509033,2.0852509,126.6399907133217,10.538758217146068,True,True,False
36,7,551.8993,233.4017,552.7623,232.68338,-1.348999,1.060852,0,0,False,False,False
37,3,494.7931,309.46405,497.28674,306.3357,-3.3797302,3.9846802,130.3039783051679,-0.1215269110158772,False,False,False
37,4,262.3243,449.8099,275.41486,438.39374,-17.39151,15.207397,138.83306356222104,-0.5075718658512756,False,False,True
37,5,691.89655,252.11096,692.7826,253.49579,-1.3291626,-2.0169373,-123.38490088440602,-0.9825681052425352,False,False,False
37,6,725.91956,208.12955,725.89685,208.31558,0.115112305,-0.23828125,0,0,False,False,False
37,8,863.7766,336.63934,863.78906,336.6574,-0.028015137,-0.06896973,0,0,False,False,False
37,13,863.7765,336.63904,863.7889,336.657,-0.028015137,-0.0687561,0,0,False,False,False
37,9,943.66003,274.05396,948.97516,274.98706,-5.9524536,-1.1353455,-169.20135410125306,-0.024870812850281254,True,False,False
37,10,586.4592,237.97156,587.5886,237.14001,-1.7351685,1.5800171,137.6794991709374,11.039508457615696,True,True,False
37,7,551.1765,233.87102,552.2073,233.09904,-1.4414673,1.0991058,0,0,False,False,False
38,3,494.09207,311.33987,496.16858,308.08716,-3.479828,4.5333557,127.51003535129391,-2.7939429538739944,False,False,False
38,4,254.77124,456.43262,268.18958,444.70734,-19.499878,17.064331,138.81085009453386,-0.022213467687180355,False,False,True
38,5,691.6458,251.4978,692.3847,252.7965,-1.336853,-2.089157,-122.61520536973028,0.769695514675746,False,False,False
38,6,725.9692,208.01302,725.9221,208.20969,0.078125,-0.29049683,0,0,False,False,False
38,8,863.7709,336.50238,863.7827,336.60315,-0.028747559,-0.0942688,0,0,False,False,False
38,13,863.77075,336.5021,863.78253,336.60278,-0.028747559,-0.09411621,0,0,False,False,False
38,9,940.90845,273.82837,946.15173,274.5815,-7.352783,-1.3628235,-169.49950526960444,-0.29815116835138156,False,False,False
38,10,586.4492,238.95276,587.1898,237.77448,-1.6431885,1.5440674,136.78127854805464,-0.8982206228827465,True,True,False
38,7,550.87244,234.0968,551.74005,233.44824,-1.4869995,1.1516418,0,0,False,False,False
39,3,493.82764,311.98993,495.34924,309.45312,-3.2802734,4.8019104,124.33770242805554,-3.172332923238372,False,False,False
39,4,251.96869,458.9155,262.51227,449.68018,-19.951385,17.433594,138.8529198076358,0.04206971310193808,False,False,True
39,5,691.4482,251.09772,692.0569,252.20192,-1.2028809,-2.0395508,-120.53114114207251,2.0840642276577626,False,False,False
39,6,726.0145,207.9097,725.95447,208.10468,0.06982422,-0.3110962,0,0,False,False,False
39,8,863.7776,336.45392,863.7809,336.5509,-0.014831543,-0.116241455,0,0,False,False,False
39,13,863.77747,336.45367,863.78076,336.55057,-0.014770508,-0.116119385,0,0,False,False,False
39,9,939.93146,273.75873,943.9746,274.29352,-7.862549,-1.1959839,-171.35095480141402,-1.8514495318095783,False,False,False
39,10,586.31665,239.56317,586.8842,238.40051,-1.312561,1.7082672,127.53716778528275,-9.244110762771896,True,True,False
39,7,550.5294,234.27037,551.3163,233.73598,-1.4460449,1.052597,0,0,False,False,False
40,3,492.9087,312.97113,494.49503,310.68442,-2.7917175,4.3487244,122.69893735268023,-1.6387650753753036,False,False,False
40,4,246.38826,463.29724,256.86887,454.44617,-18.54599,16.05243,139.12226655872573,0.2693467510899268,False,False,True
40,5,691.3772,251.04279,691.819,251.79622,-0.96362305,-1.6995697,0,0,False,False,False
40,6,726.0359,207.75092,725.983,207.98087,0.086120605,-0.3347168,0,0,False,False,False
40,8,863.682,336.2732,863.7463,336.45367,-0.042785645,-0.20373535,0,0,False,False,False
40,13,863.6819,336.27298,863.7461,336.4534,-0.042785645,-0.20361328,0,0,False,False,False
40,9,937.5148,273.87048,941.7136,274.14545,-7.2615356,-0.84161377,-173.3889017477274,-2.037946946313383,False,False,False
40,10,586.60425,239.52078,586.7862,238.7926,-0.8024292,1.6525879,0,0,False,False,False
40,7,550.03845,234.11322,550.869,233.86801,-1.3382568,0.7689667,0,0,False,False,False
40,27,594.86365,213.50131,595.17633,213.02661,-0.19769287,0.7086334,0,0,False,False,False
41,3,492.0965,314.86493,493.65552,312.14758,-2.5130615,4.060425,121.75402421369984,-0.9449131389803966,False,False,False
41,4,240.1311,467.35913,251.01064,458.9657,-17.17894,14.258362,140.30763932998173,1.1853727712559987,False,False,True
41,5,691.2622,250.51947,691.6241,251.34937,-0.7606201,-1.4471283,0,0,False,False,False
41,6,726.0609,207.6089,726.01025,207.85068,0.088134766,-0.3590088,0,0,False,False,False
41,8,863.5426,336.127,863.6749,336.33936,-0.107788086,-0.26379395,0,0,False,False,False
41,13,863.5425,336.12683,863.6748,336.33908,-0.10772705,-0.2637024,0,0,False,False,False
41,9,935.9066,273.8421,939.68115,274.03928,-6.470581,-0.5422363,-175.20979132324072,-1.8208895755133199,False,False,True
41,10,586.44073,239.67947,586.6653,239.103,-0.52453613,1.3285217,0,0,False,False,False
41,7,549.401,234.14915,550.3552,233.9664,-1.3848267,0.51815796,0,0,False,False,False
41,27,594.756,213.53366,595.0292,213.20407,-0.28118896,0.6448059,0,0,False,False,False
42,3,490.78156,315.5843,492.6496,313.3504,-2.699646,3.8972778,124.71036189334941,2.956337679649579,False,False,False
42,4,232.32968,473.0484,244.47229,463.89465,-18.039978,14.214478,141.76389877165505,1.4562594416733248,False,False,True
42,5,691.0604,249.87384,691.42676,250.83292,-0.63012695,-1.3690033,0,0,False,False,False
42,6,726.0133,207.54825,726.0113,207.74481,0.05682373,-0.35986328,0,0,False,False,False
42,8,863.49835,335.9936,863.6131,336.21832,-0.16778564,-0.33258057,0,0,False,False,False
42,13,863.4983,335.9934,863.61304,336.21808,-0.16772461,-0.332489,0,0,False,False,False
42,9,935.3058,274.54205,938.1498,274.21524,-5.824829,-0.07827759,-179.23007089514815,-4.020279571907423,False,False,True
42,10,585.5896,240.38138,586.2888,239.55043,-0.59539795,1.1499176,0,0,False,False,False
42,7,548.8856,234.28717,549.8409,234.07867,-1.4754028,0.34269714,0,0,False,False,False
42,27,594.45087,213.58374,594.8268,213.33694,-0.51794434,0.5659485,0,0,False,False,False
43,3,489.3836,316.5444,491.50647,314.4683,-2.988556,3.7838745,128.30216240231303,3.5918005089636154,False,False,False
43,4,224.75601,479.73526,237.5716,469.43884,-19.297272,14.992676,142.15520816357562,0.3913093919205721,False,False,True
43,5,690.9357,249.28053,691.2549,250.28958,-0.5640869,-1.5066376,0,0,False,False,False
43,6,725.96985,207.53346,725.99677,207.67084,0.013793945,-0.31002808,0,0,False,False,False
43,8,863.51575,335.92834,863.579,336.11682,-0.16729736,-0.33685303,0,0,False,False,False
43,13,863.5157,335.9282,863.579,336.1166,-0.16711426,-0.336792,0,0,False,False,False
43,9,933.89136,275.2488,936.6593,274.57697,-5.0543213,0.43151855,175.1201398489613,-5.649789255890596,False,False,True
43,10,585.43274,240.71315,585.98914,239.95738,-0.7970581,1.1647797,0,0,False,False,False
43,7,548.65186,234.54234,549.4247,234.24097,-1.4443359,0.37295532,0,0,False,False,False
43,28,581.1427,188.83792,581.1942,189.0011,-0.05328369,-0.20115662,0,0,False,False,False
43,27,594.0961,213.79767,594.57104,213.4982,-0.60528564,0.47158813,0,0,False,False,False
44,3,488.1197,317.7741,490.32108,315.62534,-3.3344421,3.4777527,133.79482623425184,5.492663831938813,False,False,False
44,4,217.51302,486.10458,230.55109,475.27182,-20.459549,16.306122,141.44539210051664,-0.7098160630589803,False,False,True
44,5,690.6772,249.06361,691.0527,249.86047,-0.57141113,-1.4888916,0,0,False,False,False
44,6,725.94775,207.58636,725.9796,207.64127,-0.030639648,-0.20941162,0,0,False,False,False
44,8,863.5244,335.96942,863.5598,336.06522,-0.115112305,-0.2741394,0,0,False,False,False
44,13,863.5243,335.9693,863.5598,336.06503,-0.114990234,-0.27404785,0,0,False,False,False
44,9,932.1296,275.0293,935.0739,274.7353,-4.607239,0.6960144,171.4093004429976,-3.7108394059636964,False,False,True
44,10,585.85864,241.31818,585.9434,240.43365,-0.7218628,1.330658,0,0,False,False,False
44,7,548.40247,234.85576,549.0669,234.45615,-1.2883301,0.4897461,0,0,False,False,False
44,28,581.0338,188.57045,581.13806,188.85037,-0.10046387,-0.3080597,0,0,False,False,False
45,3,486.03265,319.6737,488.8201,317.04227,-3.8294983,3.691864,136.04834508054574,2.2535188462939004,True,False,False
45,4,203.54495,496.77045,221.09894,482.79633,-23.373352,18.901672,141.03806166236726,-0.40733043814938696,False,False,True
45,5,690.2195,248.20395,690.76105,249.28069,-0.66571045,-1.5522308,0,0,False,False,False
45,6,725.8899,207.6038,725.9482,207.62814,-0.06311035,-0.1166687,0,0,False,False,False
45,8,863.52966,336.05872,863.5492,336.06293,-0.06390381,-0.15539551,0,0,False,False,False
45,9,929.408,273.71008,933.0908,274.37646,-5.05896,0.16122437,178.1746544055795,6.765353962581912,False,False,True
45,10,585.2373,242.35109,585.6963,241.10477,-0.5925293,1.5543365,0,0,False,False,False
45,7,547.7971,235.36754,548.62244,234.77512,-1.2184448,0.69644165,0,0,False,False,False
45,28,580.98364,188.47324,581.084,188.71837,-0.13800049,-0.37060547,0,0,False,False,False
46,3,485.3488,320.38922,487.60513,318.21368,-3.9013367,3.7453918,136.16830901797414,0.11996393742839473,False,False,False
46,4,198.30675,500.83652,213.12167,489.11038,-24.44992,19.67154,141.18107740992596,0.1430157475587066,False,False,True
46,5,690.08276,247.76706,690.5236,248.75092,-0.7312622,-1.5386658,0,0,False,False,False
46,6,725.949,207.56349,725.9484,207.6055,-0.048339844,-0.065338135,0,0,False,False,False
46,8,863.5637,336.07968,863.5542,336.0688,-0.024780273,-0.048034668,0,0,False,False,False
46,9,928.4157,273.1587,931.4545,273.95023,-5.204773,-0.6267395,-173.1337140983706,8.691631496049922,False,False,True
46,10,585.07495,242.729,585.4788,241.67325,-0.51031494,1.7158661,0,0,False,False,False
46,7,547.6035,235.63483,548.2658,235.07602,-1.1588745,0.8350525,0,0,False,False,False
46,28,580.93933,188.33493,581.0333,188.58417,-0.16088867,-0.41693115,0,0,False,False,False
46,27,593.58856,214.90936,594.2272,213.9921,-0.80200195,0.7880249,0,0,False,False,False
47,3,484.341,322.12195,486.46268,319.58157,-3.8583984,3.9562378,134.2826935128718,-1.8856155051023507,False,False,False
47,4,191.28503,508.2392,205.47885,495.80542,-25.072235,20.5336,140.68329071062283,-0.49778669930313413,False,False,True
47,5,690.04675,247.52971,690.3567,248.32349,-0.6959839,-1.5369873,0,0,False,False,False
47,6,725.9752,207.50816,725.95776,207.57143,-0.021850586,-0.06983948,0,0,False,False,False
47,8,863.5636,336.1258,863.55743,336.08875,-0.002380371,0.023529053,0,0,False,False,False
47,10,584.33636,243.76349,585.079,242.40482,-0.8644409,1.9711609,113.67956870493957,-13.857599080343178,False,False,False
47,7,547.52374,236.26538,548.0061,235.49228,-1.060791,1.0361328,0,0,False,False,False
47,28,580.9137,188.35071,580.99146,188.50244,-0.14660645,-0.3479309,0,0,False,False,False
48,3,483.2882,324.25955,485.35156,321.21887,-3.4685364,4.176605,129.70854139876033,-4.574152114111456,False,False,False
48,4,182.44435,516.3071,197.41678,502.981,-23.68216,20.184662,139.55854412245333,-1.1247465881695007,False,False,True
48,5,689.9852,247.30566,690.2267,247.96725,-0.5343628,-1.3134308,0,0,False,False,False
48,6,726.01355,207.45926,725.9773,207.53217,0.02911377,-0.09597778,0,0,False,False,False
48,8,863.53687,336.17322,863.5502,336.1183,0.0009765625,0.055358887,0,0,False,False,False
48,10,583.1239,245.7059,584.3947,243.56018,-1.3015747,2.4554138,117.92733110365687,4.247762398717299,False,False,False
48,7,547.3325,236.94597,547.7703,236.00107,-0.8521118,1.2259521,0,0,False,False,False
48,28,580.85583,188.30286,580.944,188.43259,-0.14001465,-0.28578186,0,0,False,False,False
49,3,481.5342,325.76654,484.0155,322.81055,-3.5896301,4.596863,127.98581266538825,-1.7227287333720795,False,False,False
49,4,173.29846,523.7985,188.97537,510.2671,-24.146301,21.156708,138.77553487935683,-0.783009243096501,False,False,True
49,5,689.9187,247.25168,690.1189,247.7168,-0.40472412,-1.0341187,0,0,False,False,False
49,6,726.0247,207.4115,725.9939,207.48993,0.04547119,-0.11557007,0,0,False,False,False
49,8,863.53174,336.1737,863.5437,336.1377,-0.010498047,0.06890869,0,0,False,False,False
49,10,582.25006,245.99547,583.64404,244.41254,-1.8347778,2.7392883,123.81421184006855,5.886880736411683,True,False,False
49,7,546.84863,237.5477,547.4477,236.54239,-0.81811523,1.4663696,0,0,False,False,False
49,28,580.83417,188.51138,580.9055,188.46016,-0.12780762,-0.12400818,0,0,False,False,False
49,9,920.3619,271.96155,927.5721,273.25418,-7.501831,-1.4811096,-168.83155402243412,4.302160075936484,False,False,True
50,3,480.49286,327.22296,482.7826,324.3549,-3.6800842,4.7733154,127.63115445588507,-0.35465820950318516,False,False,False
50,4,163.26373,532.859,179.97629,518.17426,-25.502563,22.368835,138.74531732122753,-0.030217558129294275,False,False,True
50,5,689.8369,247.4859,690.0202,247.63599,-0.33648682,-0.6875,0,0,False,False,False
50,6,726.05286,207.40538,726.0145,207.46033,0.056762695,-0.11109924,0,0,False,False,False
50,8,863.54016,336.1574,863.5425,336.1446,-0.014953613,0.055847168,0,0,False,False,False
50,10,581.9343,246.14172,583.04565,245.01776,-2.0333252,2.6129456,127.88911091407823,4.074899074009679,True,True,False
50,7,546.4464,238.23067,547.0972,237.13327,-0.9088745,1.6409912,0,0,False,False,False
50,28,580.75024,188.72601,580.85114,188.55319,-0.14031982,0.050750732,0,0,False,False,False
51,3,479.3694,328.6449,481.58795,325.85638,-3.7636108,4.637512,129.06133860035564,1.430184144470573,False,False,False
51,4,153.54048,540.94556,170.72375,526.1442,-26.693024,23.163239,139.04973981828402,0.3044224970564926,False,False,True
51,5,689.6451,246.61877,689.8889,247.27994,-0.33776855,-0.6873169,0,0,False,False,False
51,6,726.104,207.39871,726.04584,207.43875,0.06854248,-0.09341431,0,0,False,False,False
51,8,863.54224,336.10474,863.54236,336.1306,-0.0078125,0.012329102,0,0,False,False,False
51,10,581.7882,246.83212,582.6055,245.65277,-1.7891846,2.0925903,130.5307562809858,2.641645366907568,True,False,False
51,7,546.12646,238.89886,546.75745,237.75122,-1.0128784,1.7501526,120.05956340618062,-7.316555880002241,True,True,False
51,28,580.698,188.8221,580.7975,188.64731,-0.14648438,0.21472168,0,0,False,False,False
51,9,918.3069,271.81488,924.3292,272.75043,-8.761597,-1.6260376,-169.48627097959752,-0.6547169571634015,False,False,True
52,3,478.55087,329.98083,480.52496,327.29993,-3.4905396,4.48938,127.8654371322605,-1.195901468095144,False,False,False
52,4,142.63676,548.5375,160.89331,533.9819,-28.082062,23.714783,139.819525468326,0.7697856500419675,False,False,True
52,5,689.4081,245.80356,689.7206,246.76318,-0.39831543,-0.9536133,0,0,False,False,False
52,6,726.1778,207.38707,726.09204,207.42065,0.09814453,-0.0692749,0,0,False,False,False
52,8,863.5501,336.12976,863.54504,336.1303,0.0013427734,-0.007385254,0,0,False,False,False
52,10,581.91565,247.42111,582.364,246.2717,-1.2800293,1.8591614,124.5473420173707,-5.983414263615103,False,False,False
52,7,545.5159,239.41846,546.3229,238.33475,-1.1248169,1.7923584,122.11083985023218,2.0512764440515667,True,True,False
52,28,580.6955,188.85248,580.7618,188.71912,-0.1437378,0.2589569,0,0,False,False,False
52,9,916.36707,271.26538,921.5424,272.23065,-9.912109,-1.719574,-170.15815877731964,-0.6718877977221211,False,False,True
52,27,593.33234,216.61801,593.91394,214.91116,-0.9128418,1.5742188,0,0,False,False,False
53,3,477.20776,331.52786,479.36395,328.7797,-3.4186401,4.4248047,127.68996650714254,-0.17547062511795275,False,False,False
53,4,130.75577,558.91016,150.34517,542.7067,-29.631119,24.53247,140.3776475120968,0.5581220437707941,False,False,True
53,5,689.06433,245.54909,689.49084,246.33823,-0.5293579,-1.29776,0,0,False,False,False
53,6,726.20496,207.39926,726.13153,207.41316,0.117004395,-0.047164917,0,0,False,False,False
53,8,863.6092,336.1632,863.5675,336.1418,0.025024414,-0.0027770996,0,0,False,False,False
53,10,581.7329,248.19327,582.1431,246.94424,-0.90252686,1.9264832,115.10234628858204,-9.444995728788655,False,False,False
53,7,544.8828,240.3534,545.81885,239.04128,-1.2783813,1.9080048,123.82246154839954,1.711621698167363,True,True,False
53,28,580.64465,188.94934,580.72076,188.79968,-0.1303711,0.24649048,0,0,False,False,False
53,9,914.54,271.2635,919.09155,271.89215,-8.48053,-1.36203,-170.87583178786232,-0.7176730105426827,False,False,True
53,27,593.19855,216.6168,593.6635,215.50812,-0.90753174,2.0099182,114.30044675868717,0,False,False,False
54,3,475.47394,332.8485,478.00244,330.20377,-3.5855103,4.3473816,129.51416438922078,1.8241978820782379,False,False,False
54,4,118.69772,569.8152,139.26855,552.1947,-31.4552,26.050476,140.36922442933434,-0.008423082762448075,False,False,True
54,5,688.74866,245.23294,689.2311,245.95137,-0.6578369,-1.3285675,0,0,False,False,False
54,6,726.2633,207.41397,726.1776,207.41345,0.1317749,-0.025299072,0,0,False,False,False
54,8,863.648,336.1947,863.59564,336.1603,0.05328369,0.029693604,0,0,False,False,False
54,10,581.6826,248.88736,581.98193,247.62433,-0.6235962,1.9715576,107.55196530748654,-7.5503809810955005,True,False,False
54,7,544.40094,241.03299,545.3226,239.73836,-1.4348755,1.9871368,125.83236770663102,2.0099061582314732,True,True,False
54,28,580.5778,189.01141,580.6707,188.87378,-0.12677002,0.22647095,0,0,False,False,False
54,9,912.7728,270.80643,916.88,271.51215,-7.4492188,-1.2382812,-170.56204031262243,0.3137914752398956,False,False,True
54,27,593.15045,216.44962,593.4839,215.83765,-0.74328613,1.8455505,0,0,False,False,False
55,3,473.90265,334.85114,476.5675,331.83035,-3.9574585,4.530426,131.13815522359144,1.6239908343706588,False,False,False
55,4,106.51651,581.37524,127.805336,562.4079,-33.087975,28.426025,139.33397880127686,-1.0352456280574813,False,False,True
55,5,688.43304,244.4151,688.9518,245.41367,-0.7687988,-1.3495178,0,0,False,False,False
55,6,726.2533,207.41972,726.2041,207.41565,0.11206055,-0.005004883,0,0,False,False,False
55,8,863.647,336.21533,863.6136,336.17957,0.06854248,0.04925537,0,0,False,False,False
55,10,581.69324,249.73672,581.88086,248.36366,-0.4831543,2.0919647,103.00484121030777,-4.5471240971787665,True,False,False
55,7,543.7794,241.54608,544.7825,240.37106,-1.5404053,2.036316,127.10629350915819,1.2739258025271738,True,True,False
55,28,580.5272,189.03226,580.6205,188.92923,-0.14129639,0.21011353,0,0,False,False,False
55,9,912.2894,270.52588,915.2733,271.16696,-6.269104,-1.0636902,-170.3702317439904,0.191808568632041,True,True,True
56,3,472.8443,337.12726,475.26434,333.68427,-4.0996094,4.9045715,129.89141183543506,-1.246743388156375,False,False,False
56,4,99.955086,592.08655,118.05774,572.7954,-32.28743,30.088684,137.01882905391085,-2.315149747366007,False,False,True
56,5,688.2683,243.01923,688.7125,244.57559,-0.7783203,-1.7626343,0,0,False,False,False
56,6,726.2602,207.40656,726.22375,207.41245,0.09222412,-0.0007171631,0,0,False,False,False
56,8,863.62915,336.2674,863.619,336.2103,0.051513672,0.068481445,0,0,False,False,False
56,10,581.36975,250.58083,581.70197,249.13965,-0.4411621,2.195404,101.3621516459703,-1.6426895643374735,True,True,False
56,7,542.9173,242.30676,544.12964,241.04855,-1.689209,2.0072784,130.08201777425907,2.9757242651008795,True,True,False
56,28,580.51105,189.16663,580.58215,189.01231,-0.13861084,0.21263123,0,0,False,False,False
56,9,910.90607,269.9743,913.74475,270.7495,-5.3468018,-1.1426392,-167.93704931397522,2.433182430015165,False,False,True
57,3,471.66565,339.07565,474.0048,335.57123,-3.9976501,5.367462,126.67849597047679,-3.2129158649582763,False,False,False
57,5,688.09045,242.28879,688.49475,243.7752,-0.7363281,-2.1761627,-108.69380320486307,11.83733793720944,False,False,False
57,6,726.2595,207.39955,726.2362,207.40793,0.05859375,-0.0055236816,0,0,False,False,False
57,8,863.6214,336.28296,863.6199,336.23572,0.024230957,0.075408936,0,0,False,False,False
57,10,581.1633,251.30344,581.5134,249.89697,-0.46850586,2.272644,101.64835169617344,0.286200050203135,True,True,False
57,7,542.2909,243.11841,543.4861,241.77298,-1.8364868,2.0346222,132.06998095910677,1.9879631848477004,False,False,False
57,28,580.4331,189.5704,580.52997,189.20764,-0.14074707,0.3338623,0,0,False,False,False
57,9,907.43835,270.27252,911.5375,270.58258,-5.3425293,-0.9295654,-170.12971802405298,-2.192668710077754,False,False,True
57,27,592.95966,218.37692,593.3004,216.72638,-0.6135254,1.8152161,0,0,False,False,False
58,3,470.1139,340.70267,472.64294,337.36722,-3.9245605,5.536865,125.3292241259832,-1.349271844493586,False,False,False
58,5,687.5398,242.18137,688.1605,243.21735,-0.79125977,-2.1963196,-109.8123787595402,-1.1185755546771219,False,False,False
58,6,726.2963,207.3435,726.2572,207.38538,0.053100586,-0.030273438,0,0,False,False,False
58,8,863.65137,336.28778,863.63086,336.25394,0.01727295,0.07437134,0,0,False,False,False
58,10,580.8373,252.19562,581.27673,250.70149,-0.604126,2.3378296,104.48902209834286,2.8406704021694225,True,True,False
58,7,541.9584,244.06078,542.95135,242.5737,-1.8311157,2.2026367,129.73772902432682,-2.332251934779947,False,False,False
58,28,580.501,189.62013,580.5198,189.352,-0.10070801,0.42277527,0,0,False,False,False
58,9,905.2551,269.86877,909.3386,270.33276,-5.9346924,-0.834198,-171.99875620863344,-1.869038184580461,False,False,True
59,3,468.2478,343.23715,471.1046,339.4217,-4.159729,5.7374268,125.94273112141329,0.613506995430086,False,False,False
59,5,687.07495,242.37122,687.7805,242.92119,-0.93200684,-1.6544037,0,0,False,False,False
59,6,726.2591,207.29364,726.2578,207.35327,0.034057617,-0.059173584,0,0,False,False,False
59,8,863.6798,336.30127,863.64795,336.2705,0.028930664,0.06021118,0,0,False,False,False
59,10,580.7634,252.8742,581.09705,251.46194,-0.60491943,2.3222961,104.6001524436074,0.11113034526454157,True,True,False
59,7,541.7396,244.86314,542.5272,243.375,-1.602417,2.3264465,124.5584128636146,-5.179316160712219,False,False,False
59,28,580.5108,189.72552,580.5166,189.48273,-0.06555176,0.4704132,0,0,False,False,False
59,9,903.7494,270.6269,907.3823,270.4357,-6.3624268,-0.31381226,-177.1763040296226,-5.177547820989162,True,False,True
60,3,466.35806,345.51715,469.4433,341.55508,-4.561493,5.983856,127.31826959288126,1.3755384714679764,False,False,True
60,5,686.60626,242.36325,687.3695,242.7259,-1.1252441,-1.0493011,0,0,False,False,False
60,6,726.1845,207.25874,726.2322,207.32018,-0.0040283203,-0.087753296,0,0,False,False,False
60,8,863.7151,336.29062,863.6714,336.27753,0.051513672,0.041809082,0,0,False,False,False
60,10,580.48016,253.54944,580.8811,252.19257,-0.6323242,2.2955933,105.40028970162324,0.8001372580158375,True,False,False
60,7,541.257,245.46924,542.08264,244.10797,-1.4034424,2.3349915,121.00789548118037,-3.5505173824342364,True,False,False
60,28,580.444,189.79062,580.49115,189.59048,-0.03881836,0.38284302,0,0,False,False,False
60,9,902.0292,269.6831,905.50867,270.1723,-6.0288086,-0.41027832,-176.1068547134885,1.0694493161340972,True,False,True
61,3,464.4663,347.33527,467.70132,343.57816,-4.94162,6.2109375,128.50687610273053,1.188606509849265,False,False,True
61,5,686.1914,242.1171,686.95715,242.51282,-1.2033691,-0.7045288,0,0,False,False,False
61,6,726.1195,207.23177,726.19275,207.28922,-0.064453125,-0.09616089,0,0,False,False,False
61,8,863.7246,336.28705,863.68994,336.28085,0.05908203,0.026916504,0,0,False,False,False
61,10,580.40674,254.23904,580.715,252.90881,-0.56170654,2.2073212,104.2772677269298,-1.1230219746934438,True,False,False
61,7,540.82837,245.87373,541.6436,244.72598,-1.3077393,2.1522827,121.28310432977537,0.2752088485949997,True,False,False
61,28,580.35803,190.09122,580.4446,189.76573,-0.07519531,0.4137268,0,0,False,False,False
61,9,900.1731,269.45905,903.64124,269.92264,-5.6973877,-0.41012573,-175.8826725128892,0.2241822005993015,True,False,True
61,20,245.32462,339.90417,245.2823,339.9441,0.030593872,-0.04724121,0,0,False,False,False
62,3,462.9704,349.49213,466.0455,345.64804,-5.0591125,6.226349,129.09499010631916,0.588114003588629,False,False,True
62,5,686.02905,241.59772,686.6323,242.19254,-1.1481934,-0.72865295,0,0,False,False,False
62,6,726.07574,207.16003,726.1518,207.244,-0.10601807,-0.10926819,0,0,False,False,False
62,8,863.7162,336.23895,863.6991,336.26617,0.05114746,-0.004333496,0,0,False,False,False
62,10,580.148,254.70808,580.51654,253.53854,-0.5805054,2.0765991,105.61813249399844,1.340864767068652,True,False,False
62,7,540.34595,246.56244,541.1894,245.36874,-1.3378296,1.9937439,123.86215491429492,2.5790505845195497,True,False,False
62,28,580.28735,190.25214,580.3895,189.93597,-0.1270752,0.45324707,0,0,False,False,False
62,9,899.0741,269.51196,902.0427,269.7789,-5.3395996,-0.6567993,-172.98753795875348,2.8951345541357227,True,False,True
62,20,245.39743,339.8708,245.32259,339.91843,0.06959534,-0.062164307,0,0,False,False,False
63,3,461.01993,351.57208,464.28656,347.72144,-5.1567383,6.1663513,129.90474798078245,0.809757874463287,False,False,True
63,5,685.78796,241.19037,686.3368,241.84177,-1.0327148,-0.88414,0,0,False,False,False
63,6,726.0338,207.10448,726.1105,207.19516,-0.1217041,-0.12501526,0,0,False,False,False
63,8,863.72345,336.1877,863.70764,336.2387,0.036254883,-0.03881836,0,0,False,False,False
63,10,579.87744,255.57603,580.29285,254.25166,-0.58825684,2.0590973,105.94393787746728,0.3258053834688326,True,True,False
63,7,539.8342,246.88873,540.7151,245.90074,-1.3675537,1.7927704,127.33696318664589,3.4748082723509697,True,False,False
63,28,580.2499,190.58418,580.34064,190.16284,-0.1505127,0.5723572,0,0,False,False,False
63,9,897.38293,269.3542,900.41174,269.63025,-5.096924,-0.5420532,-173.9294634212631,-0.94192546250963,False,False,True
63,20,245.44966,339.82776,245.36705,339.8867,0.10752869,-0.07888794,0,0,False,False,False
63,27,592.2206,222.9733,592.9225,218.9128,-0.74102783,3.4046783,102.27891968341939,-12.021527075267784,False,False,False
64,3,458.8969,353.64288,462.40018,349.79395,-5.3011475,6.21579,130.45926274913433,0.5545147683518792,False,False,True
64,5,685.5849,240.98901,686.0736,241.5433,-0.8835449,-0.96951294,0,0,False,False,False
64,6,725.98096,207.02014,726.0651,207.1339,-0.12762451,-0.15531921,0,0,False,False,False
64,8,863.7174,336.11874,863.71106,336.19672,0.021118164,-0.08413696,0,0,False,False,False
64,10,579.06934,256.36728,579.8646,254.99213,-0.85040283,2.083313,112.20515232148364,6.26121444401636,True,True,False
64,7,539.4173,247.06226,540.26086,246.30727,-1.3827515,1.5812836,131.1680323236293,3.831069136983402,True,True,False
64,28,580.12036,190.8234,580.26355,190.39403,-0.18103027,0.6282959,0,0,False,False,False
64,9,896.05457,269.00864,898.8867,269.4127,-4.7545166,-0.50994873,-173.8781077544454,0.051355666817698875,False,False,True
64,20,245.51205,339.79285,245.41779,339.85385,0.13548279,-0.09024048,0,0,False,False,False
64,27,591.9632,224.94357,592.58673,221.02356,-0.89715576,5.185913,99.81494414178528,-2.463975541634113,False,False,False
65,3,456.533,356.03958,460.34662,351.97992,-5.698883,6.3318787,131.98817365546788,1.5289109063335502,False,False,True
65,5,685.4591,240.67743,685.8585,241.24023,-0.7738037,-0.952301,0,0,False,False,False
65,6,725.9587,206.97812,726.02783,207.07936,-0.1239624,-0.16464233,0,0,False,False,False
65,8,863.7086,336.01013,863.7102,336.1314,0.011108398,-0.13476562,0,0,False,False,False
65,10,578.7255,257.41586,579.46594,255.84042,-1.0505981,2.30188,114.53237147534571,2.3272191538620746,True,True,False
65,7,539.14197,247.40353,539.86926,246.69095,-1.3201294,1.3222046,0,0,False,False,False
65,9,894.3163,268.3558,897.28705,269.0428,-4.7556763,-0.7361145,-171.20121285374682,2.676894900698585,True,False,True
65,20,245.53665,339.75702,245.45938,339.81995,0.13679504,-0.098480225,0,0,False,False,False
65,27,592.0112,225.25479,592.3853,222.50449,-0.9151001,5.7781067,98.9993993178989,-0.8155448238863698,False,False,False
65,12,920.04297,331.1447,920.2178,330.63202,-0.35412598,0.98861694,0,0,False,False,False
66,3,454.24374,358.20465,458.21057,354.15857,-6.075989,6.437134,133.34682807144347,1.358654415975593,False,False,True
66,5,685.44617,240.43665,685.7142,240.95898,-0.6226196,-0.882782,0,0,False,False,False
66,6,725.99927,207.03119,726.0178,207.0625,-0.09265137,-0.13265991,0,0,False,False,False
66,8,863.711,336.08606,863.71045,336.11554,0.0028076172,-0.123168945,0,0,False,False,False
66,10,578.53357,258.60138,579.1396,256.80676,-1.1532593,2.5550995,114.29231829564044,-0.24005317970527074,True,False,False
66,7,538.45,248.28818,539.3725,247.24997,-1.3425903,1.3492279,0,0,False,False,False
66,9,891.80164,270.11588,895.3671,269.41837,-5.0446167,-0.21188354,-177.59488140454687,-6.393668550800044,True,False,True
66,20,245.552,339.7906,245.49179,339.80966,0.1247406,-0.07702637,0,0,False,False,False
66,27,590.56915,225.31534,591.74963,223.48828,-1.1728516,4.575485,104.37728467796383,5.377885360064923,False,False,False
66,12,920.11316,331.12787,920.18115,330.80554,-0.2487793,0.76483154,0,0,False,False,False
67,3,453.4319,360.35114,456.53802,356.32596,-5.862152,6.532013,131.9063753438086,-1.440452727634863,True,False,True
67,5,685.21704,240.10529,685.54016,240.66019,-0.53344727,-0.8831177,0,0,False,False,False
67,6,726.07324,207.07358,726.0372,207.06638,-0.027954102,-0.06752014,0,0,False,False,False
67,8,863.70105,336.20203,863.7071,336.1458,-0.003967285,-0.05090332,0,0,False,False,False
67,10,578.1593,259.93488,578.79645,257.9016,-1.0681763,2.9094849,110.15999744775267,-4.132320847887769,True,False,False
67,7,537.68665,249.43704,538.7824,248.01544,-1.4784546,1.7081757,130.8767358480808,-0.29129647554847793,True,True,False
67,9,887.1891,269.59625,892.50476,269.48062,-6.381958,0.06793213,179.39014370131014,-3.014974894142995,True,False,True
67,20,245.55443,339.80402,245.5137,339.80768,0.09591675,-0.046173096,0,0,False,False,False
67,27,589.95404,226.4187,591.12115,224.51392,-1.4655762,3.4903564,112.77719323235988,8.399908554396049,False,False,False
68,3,451.03784,364.63184,454.6129,359.233,-5.7337036,7.2530823,128.32706121599742,-3.5793141278111875,True,False,True
68,5,684.71155,239.26425,685.2501,240.1716,-0.60839844,-1.068634,0,0,False,False,False
68,6,726.07263,207.1018,726.04956,207.07877,0.021728516,-0.0005950928,0,0,False,False,False
68,8,863.6993,336.20898,863.70435,336.1679,-0.005859375,0.036499023,0,0,False,False,False
68,10,576.28296,262.38602,577.91675,259.47116,-1.5491943,3.6307373,113.10739157831146,2.9473941305587914,True,False,False
68,7,536.4099,250.49585,537.952,248.88358,-1.9172363,2.192627,131.16649812067186,0.28976227259104803,True,True,False
68,9,885.41223,267.94345,890.02234,268.9426,-7.2647095,-0.10018921,-179.2098713716734,1.399984927016476,False,False,True
68,20,245.54984,339.8039,245.52635,339.80634,0.066970825,-0.01361084,0,0,False,False,False
68,27,589.6078,227.08331,590.59143,225.4132,-1.7938843,2.9087067,121.66334598657164,8.886152754211764,False,False,False
69,3,450.21146,366.19055,453.0724,361.66815,-5.1381836,7.5095825,124.38059513553006,-3.94646608046736,True,False,True
69,5,684.56616,238.86887,685.01074,239.71564,-0.7034302,-1.2433472,0,0,False,False,False
69,6,726.09045,207.09808,726.06384,207.08553,0.046020508,0.023025513,0,0,False,False,False
69,8,863.7322,336.2022,863.714,336.1799,0.003540039,0.06436157,0,0,False,False,False
69,10,575.5923,263.22714,577.10315,260.78577,-2.036438,3.979004,117.10318159470411,3.9957900163926467,True,False,False
69,7,535.802,251.12253,537.19946,249.6672,-2.1730347,2.4172363,131.9547447282958,0.7882466076239325,True,True,False
69,9,884.90796,267.2013,888.2323,268.33313,-7.1348267,-1.0852356,-171.35137392824703,7.858497443426359,False,False,True
69,20,245.57208,339.8076,245.54234,339.80676,0.05055237,-0.00289917,0,0,False,False,False
69,27,589.52155,227.29736,590.217,226.07265,-1.5326538,2.5843658,120.66998884790718,-0.9933571386644644,False,False,False
70,3,447.3814,369.87634,451.08054,364.54102,-5.457489,8.215057,123.59718357322618,-0.7834115623038826,True,False,True
70,5,684.216,238.01382,684.73254,239.12,-0.8076172,-1.5401917,0,0,False,False,False
70,6,726.04395,207.15445,726.0568,207.10965,0.01965332,0.043273926,0,0,False,False,False
70,8,863.7146,336.20554,863.7142,336.18884,0.007080078,0.043029785,0,0,False,False,False
70,10,574.5895,265.01886,576.2233,262.26733,-2.57312,4.3657227,120.51473886836911,3.4115572736649966,False,False,False
70,7,535.20715,251.79958,536.50214,250.41353,-2.2802734,2.3980865,133.55745012064799,1.602705392352192,True,False,False
70,9,884.126,265.6499,886.79504,267.39398,-5.709717,-2.0866394,-159.92496202664864,11.426411901598385,True,True,True
70,20,245.5643,339.82632,245.55002,339.8136,0.036315918,0.00592041,0,0,False,False,False
70,27,589.5986,227.98712,590.0005,226.7427,-1.1206665,2.2287903,116.69388089070543,-3.976107957201748,True,False,False
71,3,446.37225,371.2105,449.43262,366.8753,-5.180298,7.6423035,124.13118953592983,0.5340059627036595,True,False,True
71,5,684.12463,237.69763,684.5198,238.62216,-0.7303467,-1.5494385,0,0,False,False,False
71,6,726.06177,207.1801,726.05853,207.1343,0.008972168,0.055526733,0,0,False,False,False
71,8,863.7302,336.20374,863.7197,336.19403,0.015380859,0.026123047,0,0,False,False,False
71,10,574.2313,265.64178,575.5261,263.44836,-2.390625,3.9772034,121.0093148589616,0.49457599059249446,False,False,False
71,7,535.0176,251.91493,535.98254,250.93901,-1.9694824,2.0554352,133.77662541751482,0.2191752968668368,True,False,False
71,9,883.9968,265.04156,885.8157,266.57062,-4.206665,-2.3719788,-150.58299869744133,9.341963329207317,True,True,True
71,20,245.56737,339.8365,245.55609,339.8216,0.02973938,0.015258789,0,0,False,False,False
71,27,589.6371,228.23058,589.8733,227.26346,-0.71813965,1.8502655,0,0,False,False,False
72,3,444.607,372.9674,447.74365,369.0075,-5.3287354,7.3393555,125.98150674536058,1.8503172094307416,True,False,True
72,5,683.85175,236.88525,684.28595,238.01424,-0.7247925,-1.7014008,0,0,False,False,False
72,6,726.0963,207.22783,726.0717,207.16702,0.007873535,0.08149719,0,0,False,False,False
72,8,863.7135,336.19263,863.7175,336.19354,0.003540039,0.013641357,0,0,False,False,False
72,10,574.169,266.6805,575.05115,264.5796,-2.052002,3.7938232,118.40805542681267,-2.601259432148936,False,False,False
72,7,534.3241,252.48302,535.4021,251.4794,-1.7973633,1.8121948,134.76457505087208,0.9879496333572604,False,False,False
72,9,881.4867,264.7854,884.3005,265.94577,-3.9318237,-2.3873596,-148.73434195121968,1.8486567462216499,True,True,True
72,20,245.5358,339.87488,245.54898,339.84024,0.0066375732,0.033477783,0,0,False,False,False
72,27,589.5016,229.38437,589.74316,228.00577,-0.47381592,1.9331207,0,0,False,False,False
72,12,920.34705,330.46985,920.2392,330.68805,-0.072753906,0.3320923,0,0,False,False,False
73,3,441.04065,377.15723,445.39758,371.8599,-5.682953,7.318878,127.82857715782949,1.8470704124689092,True,False,True
73,5,683.60474,235.71652,684.0475,237.21002,-0.6850586,-1.9099731,-109.73161388616874,0.08076487337145011,True,True,False
73,6,726.1385,207.24347,726.0951,207.19376,0.038269043,0.084106445,0,0,False,False,False
73,8,863.6974,336.25903,863.71045,336.21643,-0.0037231445,0.02758789,0,0,False,False,False
73,10,573.7897,268.85803,574.6096,266.07703,-1.6137085,3.8096924,112.95653134449363,-5.45152408231904,False,False,False
73,7,533.50806,253.13803,534.73914,252.05992,-1.7630005,1.6463928,136.95885989550007,2.194284844627987,True,False,False
73,9,878.1536,264.64917,882.14905,265.49194,-4.645996,-1.9020386,-157.73614765884025,-9.001805707620576,True,True,True
73,20,245.54584,339.85947,245.54787,339.84695,-0.0021514893,0.033355713,0,0,False,False,False
73,27,589.1832,230.13538,589.5472,228.75113,-0.4533081,2.0084229,102.7187440847138,-13.975136805991625,True,False,False
73,12,920.31696,330.46606,920.26636,330.61035,0.048583984,-0.02166748,0,0,False,False,False
74,3,439.76068,378.69055,443.42465,374.2506,-6.007965,7.375305,129.16645398535175,1.3378768275222654,True,False,True
74,5,683.593,235.19247,683.8884,236.50388,-0.63134766,-2.1182861,-106.59650073010724,3.1351131560615073,True,True,False
74,6,726.1799,207.25781,726.12476,207.21616,0.066223145,0.0818634,0,0,False,False,False
74,8,863.7102,336.2637,863.7103,336.23297,-0.009399414,0.03894043,0,0,False,False,False
74,10,573.6759,269.6618,574.28284,267.3317,-1.2432861,3.8833313,107.75297075605638,-5.203560588437242,False,False,False
74,7,533.3274,253.36276,534.245,252.5159,-1.7375488,1.576889,137.77510967376955,0.81624977826948,False,False,False
74,9,877.07446,264.61304,880.3729,265.18433,-5.442749,-1.3862915,-165.71035798016075,-7.9742103213204985,True,True,True
74,20,245.56752,339.8597,245.55475,339.8514,-0.0013427734,0.029815674,0,0,False,False,False
74,27,589.0624,230.38953,589.3775,229.32455,-0.49578857,2.0610962,103.52531272810656,0.806568643392751,False,False,False
74,12,920.33276,330.46625,920.28955,330.5599,0.10839844,-0.24563599,0,0,False,False,False
75,3,437.93112,381.04053,441.5019,376.62708,-6.2417603,7.619568,129.32348035265292,0.15702636730117092,True,False,True
75,5,683.584,234.96442,683.78186,235.96506,-0.50408936,-2.049179,-103.82011021814425,2.776390511962987,True,True,False
75,6,726.18695,207.28122,726.1465,207.23892,0.07476807,0.071899414,0,0,False,False,False
75,8,863.6881,336.22516,863.7025,336.23022,-0.015014648,0.03668213,0,0,False,False,False
75,10,572.70245,269.85754,573.72974,268.21573,-1.3214111,3.636139,109.97167701336778,2.2187062573113963,False,False,False
75,7,532.85126,253.99435,533.7572,253.03336,-1.6448975,1.5539551,136.62846255311348,-1.1466471206560698,False,False,False
75,9,874.3799,264.24103,878.2753,264.8542,-6.0251465,-1.0915833,-169.73103857493763,-4.020680594776877,True,False,True
75,20,245.53903,339.8994,245.54924,339.8682,0.0002593994,0.027954102,0,0,False,False,False
75,27,588.98914,230.75003,589.2416,229.82347,-0.5015869,1.8177032,0,0,False,False,False
75,12,920.3209,330.46683,920.3005,330.52734,0.061279297,-0.16070557,0,0,False,False,False
76,3,435.56256,384.01685,439.42313,379.2135,-5.974457,7.353607,129.09222069535642,-0.23125965729650488,True,False,True
76,5,683.5855,234.82094,683.71313,235.5646,-0.3343506,-1.6454163,0,0,False,False,False
76,6,726.16956,207.31049,726.15454,207.26396,0.059448242,0.07020569,0,0,False,False,False
76,8,863.6636,336.22632,863.68884,336.22885,-0.021606445,0.012420654,0,0,False,False,False
76,10,572.05927,270.99634,573.145,269.18893,-1.4645996,3.111908,115.20372130445784,5.232044291090062,True,False,False
76,7,531.9448,254.65482,533.12286,253.60086,-1.616272,1.5409393,136.36684661721583,-0.26161593589765175,False,False,False
76,9,873.15796,263.86926,876.48425,264.50946,-5.664795,-0.9824829,-170.16069060478628,-0.42965202984865414,True,False,True
76,20,245.53958,339.91882,245.54584,339.88593,-0.002029419,0.038970947,0,0,False,False,False
76,27,589.0751,230.58374,589.1833,230.08957,-0.3638916,1.33844,0,0,False,False,False
76,12,920.30554,330.50586,920.30225,330.5198,0.035888672,-0.090545654,0,0,False,False,False
77,3,431.94012,388.93536,436.80408,382.61615,-6.620575,8.36554,128.3584579965142,-0.733762698842213,True,False,True
77,5,683.468,234.29184,683.6273,235.11914,-0.2611084,-1.3847351,0,0,False,False,False
77,6,726.1913,207.30399,726.16736,207.27797,0.04260254,0.061813354,0,0,False,False,False
77,8,863.646,336.16812,863.6738,336.20758,-0.036499023,-0.025390625,0,0,False,False,False
77,10,571.1722,272.38684,572.4545,270.3082,-1.8283081,2.9765015,121.56021547027011,6.356494165812265,True,True,False
77,7,530.99554,255.86041,532.3783,254.3917,-1.8666992,1.8757935,134.86077181949443,-1.5060747977213964,False,False,False
77,9,871.1587,263.62088,874.62024,264.19843,-5.7526855,-0.9859009,-170.27507048612048,-0.11437988133420163,True,False,True
77,20,245.57957,339.9107,245.55763,339.8946,0.0028839111,0.043182373,0,0,False,False,False
77,27,588.7956,231.1319,589.0476,230.45438,-0.32989502,1.1298218,0,0,False,False,False
77,12,920.25397,330.60974,920.2853,330.55127,-0.004272461,-0.008636475,0,0,False,False,False
78,3,430.6234,390.7359,434.6408,385.45807,-6.861084,8.830994,127.84478708612289,-0.513670910391312,True,False,True
78,5,683.43445,234.10718,683.5598,234.76495,-0.2220459,-1.2001038,0,0,False,False,False
78,6,726.1983,207.37299,726.17816,207.31122,0.031677246,0.07229614,0,0,False,False,False
78,8,863.6697,336.17993,863.67236,336.19788,-0.030151367,-0.032348633,0,0,False,False,False
78,10,570.9667,273.0821,571.9338,271.27905,-1.7959595,3.063324,120.38215819985034,-1.178057270419771,True,False,False
78,7,530.7427,256.3743,531.8058,255.0856,-1.951416,2.052246,133.5573415452323,-1.3034302742621264,False,False,False
78,9,870.4862,263.6601,873.1733,264.01,-5.102051,-0.84417725,-170.6050475468625,-0.32997706074201005,True,False,True
78,20,245.60611,339.97232,245.57458,339.92178,0.025344849,0.053588867,0,0,False,False,False
78,27,588.65576,231.36859,588.9104,230.77434,-0.33117676,0.9508667,0,0,False,False,False
78,12,920.25903,330.66272,920.2761,330.59027,-0.024353027,0.062927246,0,0,False,False,False
79,3,428.4491,393.59387,432.4737,388.3056,-6.9494324,9.092102,127.39202714534106,-0.45275994078183146,True,False,True
79,5,683.3275,233.69165,683.4785,234.38928,-0.23461914,-1.1753235,0,0,False,False,False
79,6,726.1986,207.49884,726.1853,207.37689,0.030761719,0.1129303,0,0,False,False,False
79,8,863.6016,336.2608,863.6476,336.21988,-0.041259766,-0.008972168,0,0,False,False,False
79,10,570.35156,273.78433,571.38,272.15588,-1.7650146,2.9669495,120.74807741634704,0.36591921649670667,True,False,False
79,7,530.51,257.43826,531.35223,255.90903,-1.7706299,2.3081665,127.49236588735532,-6.064975657876985,False,False,False
79,9,867.5748,263.85077,871.2138,263.95428,-5.270447,-0.5551758,-173.98678025660783,-3.381732709745336,True,True,True
79,20,245.5694,340.1256,245.57275,339.9931,0.026916504,0.107177734,0,0,False,False,False
79,27,588.4272,231.9093,588.7413,231.17157,-0.4420166,1.0820007,0,0,False,False,False
79,12,920.3198,330.0941,920.2914,330.4166,-0.010864258,-0.10321045,0,0,False,False,False
80,3,426.46994,396.7613,430.37238,391.26508,-6.4317017,8.648926,126.63602987962493,-0.7559972657161325,True,False,True
80,5,683.23413,233.51491,683.39294,234.08325,-0.234375,-1.0358887,0,0,False,False,False
80,6,726.20917,207.5759,726.1936,207.44653,0.026245117,0.16856384,0,0,False,False,False
80,8,863.57336,336.33026,863.6216,336.25848,-0.052246094,0.05090332,0,0,False,False,False
80,10,570.2361,274.75958,570.9796,273.06717,-1.4749146,2.7589722,118.1284436163067,-2.619633800040347,True,False,False
80,7,530.0812,258.65955,530.90735,256.8717,-1.4709473,2.480011,120.67308115912986,-6.819284728225455,False,False,False
80,9,865.63513,264.30807,869.2612,264.07812,-5.359009,-0.12030029,-178.71402681255103,-4.727246555943196,True,True,True
80,20,245.56808,340.24915,245.5711,340.0827,0.013473511,0.18811035,0,0,False,False,False
80,27,588.11255,232.53128,588.52124,231.64746,-0.5263672,1.1930847,0,0,False,False,False
80,12,920.3906,329.62048,920.3261,330.13794,0.04083252,-0.41333008,0,0,False,False,False
81,3,423.63614,399.7829,428.01468,394.2463,-6.626129,8.788239,127.01545091184619,0.3794210322212592,True,False,True
81,5,683.1244,233.4734,683.29895,233.86981,-0.26086426,-0.8951416,0,0,False,False,False
81,6,726.19604,207.61505,726.19446,207.50551,0.016296387,0.19429016,0,0,False,False,False
81,8,863.5233,336.42026,863.58716,336.3151,-0.08520508,0.11721802,0,0,False,False,False
81,10,569.79913,275.9349,570.5664,274.07086,-1.3673706,2.791809,116.09466130804111,-2.033782308265586,True,False,False
81,7,529.0266,259.96582,530.2491,257.95465,-1.5567017,2.869049,118.4835732199633,-2.1895079391665604,False,False,False
81,9,867.4425,264.7084,868.62463,264.2987,-4.548645,0.2886963,176.36838624448086,-4.917586942968114,True,True,True
81,20,245.6063,340.3587,245.58342,340.1793,0.008834839,0.25750732,0,0,False,False,False
81,27,587.7843,232.87088,588.2633,232.07565,-0.6470947,1.3013153,0,0,False,False,False
81,12,920.40704,329.41318,920.35443,329.88425,0.078308105,-0.70602417,0,0,False,False,False
81,34,863.5058,336.40976,863.57007,336.30402,-0.08947754,0.12390137,0,0,False,False,False
82,3,419.61133,405.37408,425.0735,398.14102,-7.4002075,9.835419,126.95794579424876,-0.05750511759742949,True,False,True
82,5,682.7206,233.49619,683.0965,233.73903,-0.38201904,-0.6502533,0,0,False,False,False
82,6,726.21765,207.65607,726.2025,207.5582,0.017211914,0.18130493,0,0,False,False,False
82,10,570.1455,278.8935,570.41907,275.7588,-0.9609375,3.6029053,104.93383363569899,-11.160827672342123,True,False,False
82,7,528.507,261.09888,529.63934,259.0551,-1.7128906,3.1460876,118.56612735812215,0.08255413815884083,False,False,False
82,20,245.62506,340.41052,245.59799,340.26022,0.025238037,0.26712036,0,0,False,False,False
82,27,587.5458,233.85062,588.01215,232.69688,-0.729126,1.5253143,0,0,False,False,False
82,12,920.37024,329.39398,920.3599,329.71265,0.06854248,-0.703949,0,0,False,False,False
83,3,418.1111,407.39056,422.63666,401.37836,-7.735718,10.113281,127.41262050660978,0.45467471236102597,True,False,True
83,5,682.5995,233.48894,682.9225,233.65149,-0.47045898,-0.4317627,0,0,False,False,False
83,6,726.25037,207.64452,726.21924,207.58841,0.025634766,0.14187622,0,0,False,False,False
83,10,570.3296,279.96127,570.3877,277.22964,-0.59191895,4.1624756,98.0934017424274,-6.840431893271585,True,False,False
83,7,528.22424,261.47568,529.14404,259.9023,-1.7633057,3.0306091,120.1922185801019,1.626091221979749,False,False,False
83,20,245.66492,340.43375,245.6214,340.32095,0.05029297,0.23825073,0,0,False,False,False
83,27,587.48816,234.19037,587.82874,233.2196,-0.6925049,1.5721436,0,0,False,False,False
83,12,920.4159,329.3493,920.3795,329.58548,0.05340576,-0.5524597,0,0,False,False,False
83,8,863.4852,336.40985,863.5514,336.34824,-0.096191406,0.12835693,0,0,False,False,False
84,3,414.74548,410.35684,419.87473,404.5208,-8.139954,10.274506,128.38794494077965,0.9753244341698633,True,False,True
84,5,682.2257,233.54712,682.6786,233.61496,-0.6203613,-0.2548523,0,0,False,False,False
84,6,726.2435,207.71426,726.2277,207.63245,0.03326416,0.12693787,0,0,False,False,False
84,10,570.031,280.98694,570.2628,278.54468,-0.30358887,4.473816,93.88208526443142,-4.211316477995979,True,True,False
84,7,527.7466,262.1854,528.6549,260.7014,-1.5941772,2.7467346,120.13044995052337,-0.06176862957852336,False,False,False
84,20,245.64624,340.55237,245.63008,340.40195,0.046661377,0.22265625,0,0,False,False,False
84,27,587.44165,234.74881,587.69324,233.75482,-0.57006836,1.6791687,0,0,False,False,False
84,12,920.38116,329.39984,920.38,329.5205,0.02557373,-0.363739,0,0,False,False,False
84,8,863.48364,336.4809,863.5277,336.39465,-0.09387207,0.13616943,0,0,False,False,False
85,3,412.14056,413.56744,417.16772,407.6871,-7.9057617,9.546082,129.63047549124033,1.2425305504606854,True,False,True
85,5,682.0088,233.47617,682.44415,233.56638,-0.65234375,-0.1726532,0,0,False,False,False
85,6,726.2594,207.7563,726.2388,207.6758,0.036254883,0.11759949,0,0,False,False,False
85,10,569.8523,282.77148,570.11914,280.02405,-0.29992676,4.265259,94.02233436770899,0.14024910327756857,True,True,False
85,7,527.3003,262.72107,528.1808,261.40826,-1.4585571,2.3531494,121.79195618806638,1.6615062375430085,False,False,False
85,20,245.63826,340.6135,245.63293,340.47598,0.034942627,0.21575928,0,0,False,False,False
85,27,587.16614,235.9654,587.5087,234.5285,-0.50341797,1.8316193,0,0,False,False,False
85,12,920.36005,329.49127,920.37305,329.51025,0.013122559,-0.20239258,0,0,False,False,False
85,8,863.5238,336.5744,863.5263,336.45755,-0.06085205,0.14245605,0,0,False,False,False
86,3,409.7961,417.12152,414.58765,410.98914,-8.049011,9.610779,129.94611781079615,0.31564231955582045,True,False,True
86,5,681.85486,232.97398,682.2379,233.35904,-0.6845703,-0.29244995,0,0,False,False,False
86,6,726.27014,207.7868,726.24976,207.71463,0.030517578,0.1262207,0,0,False,False,False
86,10,569.74634,283.95697,569.98865,281.40057,-0.39904785,4.170929,95.46506016374953,1.4427257960405342,True,True,False
86,7,526.09265,263.68384,527.44995,262.2047,-1.6940918,2.3023987,126.34542240653101,4.553466218464635,False,False,False
86,20,245.64856,340.63943,245.6384,340.5332,0.016998291,0.21224976,0,0,False,False,False
86,27,586.9804,236.7634,587.3238,235.31071,-0.50494385,2.0911102,103.57543393246975,0.05012120436319378,True,False,False
86,12,920.33673,329.5285,920.3603,329.51663,-0.019226074,-0.068847656,0,0,False,False,False
86,8,863.5697,336.6234,863.54144,336.5156,-0.0099487305,0.1673584,0,0,False,False,False
86,9,857.2041,263.41687,864.62744,263.99005,-6.5863647,0.0357666,179.68886400122895,3.3204777567480903,True,False,True
